{
	"credit": "Made with Blockbench",
	"textures": {
		"0": "models/armor/diamond_layer_1",
		"1": "qiq2i_clga1:armor/armor1",
		"particle": "models/armor/diamond_layer_1"
	},
	"elements": [
		{
			"from": [4, 0, 4],
			"to": [12, 8, 12],
			"faces": {
				"north": {"uv": [2, 4, 4, 8], "texture": "#0"},
				"east": {"uv": [0, 4, 2, 8], "texture": "#0"},
				"south": {"uv": [6, 4, 8, 8], "texture": "#0"},
				"west": {"uv": [4, 4, 6, 8], "texture": "#0"},
				"up": {"uv": [2, 0, 4, 4], "texture": "#0"},
				"down": {"uv": [13.4375, 0, 16, 3.625], "texture": "#0"}
			}
		},
		{
			"from": [4, 8, 6],
			"to": [5, 9, 7],
			"faces": {
				"north": {"uv": [1, 6, 2, 7], "texture": "#1"},
				"east": {"uv": [2, 6, 3, 7], "texture": "#1"},
				"south": {"uv": [6, 2, 7, 3], "texture": "#1"},
				"west": {"uv": [3, 6, 4, 7], "texture": "#1"},
				"up": {"uv": [7, 4, 6, 3], "texture": "#1"},
				"down": {"uv": [5, 6, 4, 7], "texture": "#1"}
			}
		},
		{
			"from": [4, 8, 8],
			"to": [5, 10, 9],
			"faces": {
				"north": {"uv": [4, 0, 5, 2], "texture": "#1"},
				"east": {"uv": [4, 2, 5, 4], "texture": "#1"},
				"south": {"uv": [4, 4, 5, 6], "texture": "#1"},
				"west": {"uv": [5, 0, 6, 2], "texture": "#1"},
				"up": {"uv": [7, 5, 6, 4], "texture": "#1"},
				"down": {"uv": [6, 6, 5, 7], "texture": "#1"}
			}
		},
		{
			"from": [4, 8, 11],
			"to": [5, 11, 12],
			"faces": {
				"north": {"uv": [0, 0, 1, 3], "texture": "#1"},
				"east": {"uv": [1, 0, 2, 3], "texture": "#1"},
				"south": {"uv": [2, 0, 3, 3], "texture": "#1"},
				"west": {"uv": [0, 3, 1, 6], "texture": "#1"},
				"up": {"uv": [7, 6, 6, 5], "texture": "#1"},
				"down": {"uv": [7, 6, 6, 7], "texture": "#1"}
			}
		},
		{
			"from": [11, 8, 6],
			"to": [12, 9, 7],
			"faces": {
				"north": {"uv": [7, 0, 8, 1], "texture": "#1"},
				"east": {"uv": [1, 7, 2, 8], "texture": "#1"},
				"south": {"uv": [7, 1, 8, 2], "texture": "#1"},
				"west": {"uv": [2, 7, 3, 8], "texture": "#1"},
				"up": {"uv": [8, 3, 7, 2], "texture": "#1"},
				"down": {"uv": [4, 7, 3, 8], "texture": "#1"}
			}
		},
		{
			"from": [11, 8, 8],
			"to": [12, 10, 9],
			"faces": {
				"north": {"uv": [5, 2, 6, 4], "texture": "#1"},
				"east": {"uv": [5, 4, 6, 6], "texture": "#1"},
				"south": {"uv": [0, 6, 1, 8], "texture": "#1"},
				"west": {"uv": [6, 0, 7, 2], "texture": "#1"},
				"up": {"uv": [8, 4, 7, 3], "texture": "#1"},
				"down": {"uv": [5, 7, 4, 8], "texture": "#1"}
			}
		},
		{
			"from": [11, 8, 11],
			"to": [12, 11, 12],
			"faces": {
				"north": {"uv": [3, 0, 4, 3], "texture": "#1"},
				"east": {"uv": [1, 3, 2, 6], "texture": "#1"},
				"south": {"uv": [2, 3, 3, 6], "texture": "#1"},
				"west": {"uv": [3, 3, 4, 6], "texture": "#1"},
				"up": {"uv": [8, 5, 7, 4], "texture": "#1"},
				"down": {"uv": [6, 7, 5, 8], "texture": "#1"}
			}
		}
	],
	"display": {
		"ground": {
			"translation": [0, 2, 0]
		},
		"gui": {
			"rotation": [30, 135, 0]
		},
		"head": {
			"translation": [0, 12, 0],
			"scale": [2, 2, 2]
		}
	},
	"groups": [
		0,
		{
			"name": "group",
			"origin": [0, 0, 0],
			"color": 0,
			"children": [
				{
					"name": "group",
					"origin": [0, 0, 0],
					"color": 0,
					"children": [1, 2, 3]
				},
				{
					"name": "group",
					"origin": [0, 0, 0],
					"color": 0,
					"children": [4, 5, 6]
				}
			]
		}
	]
}