{
    "type": "minecraft:entity",
    "pools": [
        {
            "rolls": 1,
            "entries": [
                {
                    "type": "minecraft:loot_table",
                    "value": "qiq2i_items:totem_of_undying/type_1"
                },
                {
                    "type": "minecraft:loot_table",
                    "value": "qiq2i_items:totem_of_undying/type_2"
                },
                {
                    "type": "minecraft:loot_table",
                    "value": "qiq2i_items:totem_of_undying/type_3"
                },
                {
                    "type": "minecraft:loot_table",
                    "value": "qiq2i_items:totem_of_undying/type_4"
                },
                {
                    "type": "minecraft:loot_table",
                    "value": "qiq2i_items:totem_of_undying/type_5"
                },
                {
                    "type": "minecraft:loot_table",
                    "value": "qiq2i_items:totem_of_undying/type_6"
                },
                {
                    "type": "minecraft:loot_table",
                    "value": "qiq2i_items:totem_of_undying/type_7"
                },
                {
                    "type": "minecraft:loot_table",
                    "value": "qiq2i_items:totem_of_undying/type_8"
                },
                {
                    "type": "minecraft:loot_table",
                    "value": "qiq2i_items:totem_of_undying/type_9"
                },
                {
                    "type": "minecraft:loot_table",
                    "value": "qiq2i_items:totem_of_undying/type_10"
                },
                {
                    "type": "minecraft:loot_table",
                    "value": "qiq2i_items:totem_of_undying/type_11"
                },
                {
                    "type": "minecraft:loot_table",
                    "value": "qiq2i_items:totem_of_undying/type_12"
                },
                {
                    "type": "minecraft:loot_table",
                    "value": "qiq2i_items:totem_of_undying/type_13"
                },
                {
                    "type": "minecraft:loot_table",
                    "value": "qiq2i_items:totem_of_undying/type_14"
                },
                {
                    "type": "minecraft:loot_table",
                    "value": "qiq2i_items:totem_of_undying/type_15"
                },
                {
                    "type": "minecraft:loot_table",
                    "value": "qiq2i_items:totem_of_undying/type_16"
                }
            ]
        }
    ]
}