{
    "type": "minecraft:entity",
    "pools": [
        {
            "rolls": 1,
            "entries": [
                {
                    "type": "minecraft:item",
                    "name": "minecraft:totem_of_undying",
                    "functions": [
                        {
                            "function": "set_components",
                            "components": {
                                "custom_name": "{\"text\":\"§e克隆不死图腾\"}",
                                "custom_model_data": 2002036,
                                "hide_additional_tooltip": {},
                                "custom_data": {
                                    "qiq2i_clga1_totem_of_undying": 16,
                                    "qiq2i_clga1_item_sp": 1
                                }
                            }
                        },
                        {
                            "function": "minecraft:set_count",
                            "count": 1
                        }
                    ]
                }
            ]
        }
    ]
}