{
    "type": "minecraft:entity",
    "pools": [
        {
            "rolls": 1,
            "entries": [
                {
                    "type": "minecraft:loot_table",
                    "value": "qiq2i_items:enchat/type_1"
                },
                {
                    "type": "minecraft:loot_table",
                    "value": "qiq2i_items:enchat/type_2"
                },
                {
                    "type": "minecraft:loot_table",
                    "value": "qiq2i_items:enchat/type_3"
                },
                {
                    "type": "minecraft:loot_table",
                    "value": "qiq2i_items:enchat/type_4"
                },
                {
                    "type": "minecraft:loot_table",
                    "value": "qiq2i_items:enchat/type_5"
                },
                {
                    "type": "minecraft:loot_table",
                    "value": "qiq2i_items:enchat/type_6"
                },
                {
                    "type": "minecraft:loot_table",
                    "value": "qiq2i_items:enchat/type_7"
                },
                {
                    "type": "minecraft:loot_table",
                    "value": "qiq2i_items:enchat/type_8"
                },
                {
                    "type": "minecraft:loot_table",
                    "value": "qiq2i_items:enchat/type_9"
                },
                {
                    "type": "minecraft:loot_table",
                    "value": "qiq2i_items:enchat/type_10"
                },
                {
                    "type": "minecraft:loot_table",
                    "value": "qiq2i_items:enchat/type_11"
                },
                {
                    "type": "minecraft:loot_table",
                    "value": "qiq2i_items:enchat/type_12"
                },
                {
                    "type": "minecraft:loot_table",
                    "value": "qiq2i_items:enchat/type_13"
                }
            ]
        }
    ]
}