{
    "type": "minecraft:entity",
    "pools": [
        {
            "rolls": 1,
            "entries": [
                {
                    "type": "minecraft:item",
                    "name": "minecraft:emerald",
                    "functions": [
                        {
                            "function": "set_components",
                            "components": {
                                "enchantments": {
                                    "levels": {
                                        "minecraft:unbreaking": 1
                                    },
                                    "show_in_tooltip": false
                                },
                                "custom_name": "{\"text\":\"§e爆炸保护宝石I\"}",
                                "custom_model_data": 2002029,
                                "hide_additional_tooltip": {},
                                "custom_data": {
                                    "qiq2i_clga1_item_enchat": 1,
                                    "qiq2i_clga1_item_enchat_type": 8,
                                    "qiq2i_clga1_item_enchat_type_level": 1,
                                    "qiq2i_clga1_item_sp": 1
                                }
                            }
                        },
                        {
                            "function": "minecraft:set_lore",
                            "lore": [
                              {
                                "text": "§7爆炸保护 1-4 级附魔的物品可用"
                              },
                              {
                                  "text": "§7直接提升1级附魔等级"
                              },
                              {
                                  "text": ""
                              },
                              {
                                  "text": "§7主手持宝石，副手持需提升附魔等级的物品"
                              }
                            ],
                            "mode": "replace_all"
                        },
                        {
                            "function": "minecraft:set_count",
                            "count": 1
                        }
                    ]
                }
            ]
        }
    ]
}