{
    "type": "minecraft:entity",
    "pools": [
      {
        "rolls": 1,
        "entries": [
          {
            "type": "minecraft:loot_table",
            "name": "qiq2i_clga1:item_sp/enchat/type_1.1"
          },
          {
            "type": "minecraft:loot_table",
            "name": "qiq2i_clga1:item_sp/enchat/type_2.1"
          },
          {
            "type": "minecraft:loot_table",
            "name": "qiq2i_clga1:item_sp/enchat/type_3.1"
          },
          {
            "type": "minecraft:loot_table",
            "name": "qiq2i_clga1:item_sp/enchat/type_4.1"
          },
          {
            "type": "minecraft:loot_table",
            "name": "qiq2i_clga1:item_sp/enchat/type_5.1"
          },
          {
            "type": "minecraft:loot_table",
            "name": "qiq2i_clga1:item_sp/enchat/type_6.1"
          },
          {
            "type": "minecraft:loot_table",
            "name": "qiq2i_clga1:item_sp/enchat/type_7.1"
          },
          {
            "type": "minecraft:loot_table",
            "name": "qiq2i_clga1:item_sp/enchat/type_8.1"
          },
          {
            "type": "minecraft:loot_table",
            "name": "qiq2i_clga1:item_sp/enchat/type_9.1"
          },
          {
            "type": "minecraft:loot_table",
            "name": "qiq2i_clga1:item_sp/enchat/type_10.1"
          },
          {
            "type": "minecraft:loot_table",
            "name": "qiq2i_clga1:item_sp/enchat/type_11.1"
          },
          {
            "type": "minecraft:loot_table",
            "name": "qiq2i_clga1:item_sp/enchat/type_12.1"
          }
        ]
      }
    ]
  }
  