{
    "type": "minecraft:entity",
    "pools": [
      {
        "rolls": 1,
        "entries": [
          {
            "type": "minecraft:item",
            "name": "minecraft:mushroom_stew",
            "functions": [
                {
                    "function": "minecraft:set_nbt",
                    "tag": "{CustomModelData:200232, qiq2i_clga1_food:22, display:{Name:'{\"text\":\"§b南宁田螺鸡爪煲\"}',Lore:['{\"text\":\"§f成菜麻辣鲜香，色泽红亮，香气十足\"}']}}"
                },
                {
                  "function": "minecraft:set_count",
                  "count": 1
                }
              ]
          }
        ]
      }
    ]
  }
  