{
  "parent": "qiq2i_clga1:common/exp/get1",
  "display": {
    "icon": {
      "item": "minecraft:emerald",
      "nbt": "{CustomModelData:2002021,Enchantments:[{id:\"minecraft:unbreaking\",lvl:1}]}"
    },
    "title": {
      "text": "附魔宝石？"
    },
    "description": {
      "text": "§e获得任意一颗附魔宝石"
    },
    "frame": "task",
    "show_toast": true,
    "announce_to_chat": true,
    "hidden": false
  },
  "rewards": {
    "experience": 100,
    "function": "qiq2i_clga1:player_attribute/task"
  },
  "criteria": {
    "1": {
      "trigger": "minecraft:inventory_changed",
      "conditions": {
        "items": [
          {
            "nbt": "{qiq2i_clga1_item_enchat:1}"
          }
        ]
      }
    }
  },
  "requirements": [
    [
      "1"
    ]
  ]
}