{
  "parent": "qiq2i_clga1:common/enchat/unbreaking1",
  "display": {
    "icon": {
      "item": "minecraft:emerald",
      "nbt": "{CustomModelData:2002036,Enchantments:[{id:\"minecraft:unbreaking\",lvl:1}]}"
    },
    "title": {
      "text": "轻劲弓"
    },
    "description": {
      "text": "§e获得拥有力量11附魔的物品"
    },
    "frame": "challenge",
    "show_toast": true,
    "announce_to_chat": true,
    "hidden": false
  },
  "rewards": {
    "experience": 100,
    "function": "qiq2i_clga1:player_attribute/challenge"
  },
  "criteria": {
    "1": {
      "trigger": "minecraft:inventory_changed",
      "conditions": {
        "items": [
          {
            "nbt": "{Enchantments:[{id:\"minecraft:power\",lvl:11}]}"
          }
        ]
      }
    }
  },
  "requirements": [
    [
      "1"
    ]
  ]
}