{
    "description": "巨人杀手",
    "supported_items": "#minecraft:swords",
    "weight": 20,
    "max_level": 1,
    "min_cost": {
      "base": 0,
      "per_level_above_first": 0
    },
    "max_cost": {
      "base": 39,
      "per_level_above_first": 0
    },
    "anvil_cost": 0,
    "slots": [
      "hand"
    ],
    "effects": {
      "minecraft:post_attack": [
        {
          "enchanted": "attacker",
          "affected": "attacker",
          "effect": {
            "type": "minecraft:all_of",
            "effects": [
              {
                "type": "minecraft:run_function",
                "function": "qiq2i_items:enchantment/giant_damage/attacker"
              }
            ]
          }
        },
        {
          "enchanted": "attacker",
          "affected": "victim",
          "effect": {
            "type": "minecraft:all_of",
            "effects": [
              {
                "type": "minecraft:run_function",
                "function": "qiq2i_items:enchantment/giant_damage/victim"
              }
            ]
          }
        }
      ]
    }
  }
  