{
	"credit": "Made with Blockbench",
	"parent": "minecraft:item/handheld",
	"textures": {
		"layer0": "qiq2i_clga1:axe/1"
	},
	"display": {
		"thirdperson_righthand": {
			"rotation": [0, -90, 45],
			"translation": [0, 12, -10]
		},
		"thirdperson_lefthand": {
			"rotation": [0, 90, -45],
			"translation": [0, 12, -10]
		},
		"firstperson_righthand": {
			"rotation": [0, -90, 25],
			"translation": [1.13, 3.2, -7.12],
			"scale": [0.68, 0.68, 0.68]
		},
		"firstperson_lefthand": {
			"rotation": [0, 90, -25],
			"translation": [1.13, 3.2, -7.12],
			"scale": [0.68, 0.68, 0.68]
		},
		"ground": {
			"translation": [0, 19, 0]
		},
		"head": {
			"translation": [-2, -8.5, 5.75]
		},
		"fixed": {
			"translation": [-7.75, 7, -2]
		}
	},
	"groups": [
		{
			"name": "exp1",
			"origin": [8, 8, 8],
			"color": 0,
			"children": []
		}
	]
}