{
    "rewards": {
      "function": "qiq2i_clga1:buff/player_chesta1/bastion"
    },
    "criteria": {
       "1":{
         "trigger": "minecraft:player_generates_container_loot",
         "conditions": {
          "loot_table": "minecraft:chests/bastion_bridge"
         }
       },
       "2":{
        "trigger": "minecraft:player_generates_container_loot",
        "conditions": {
         "loot_table": "minecraft:chests/bastion_hoglin_stable"
        }
      },
      "3":{
        "trigger": "minecraft:player_generates_container_loot",
        "conditions": {
         "loot_table": "minecraft:chests/bastion_other"
        }
      },
      "4":{
        "trigger": "minecraft:player_generates_container_loot",
        "conditions": {
         "loot_table": "minecraft:chests/bastion_treasure"
        }
      }
    },
    "requirements": [
      [
        "1",
        "2",
        "3",
        "4"
      ]
    ]
  }