{
    "type": "minecraft:chest",
    "pools": [
        {
            "rolls": 1,
            "entries": [
                {
                    "type": "minecraft:loot_table",
                    "name": "qiq2i_clga1:item_sp/enchat/all0",
                    "weight": 1,
                    "functions": [
                        {
                            "function": "minecraft:set_count",
                            "count": {
                                "max": 1,
                                "min": 1
                            }
                        }
                    ]
                }
            ]
        },
        {
            "rolls": 1,
            "entries": [
                {
                    "type": "minecraft:loot_table",
                    "name": "qiq2i_clga1:item_sp/enchat/all1",
                    "weight": 1,
                    "functions": [
                        {
                            "function": "minecraft:set_count",
                            "count": {
                                "max": 1,
                                "min": 1
                            }
                        }
                    ]
                }
            ]
        },
          {
        "rolls": 18,
        "entries": [
            {
                "type": "minecraft:loot_table",
                "name": "qiq2i_clga1:item_sp/exp/type_1",
                "weight": 6,
                "functions": [
                    {
                        "function": "minecraft:set_count",
                        "count": {
                            "max": 24,
                            "min": 1
                        }
                    }
                ]
            },
            {
                "type": "minecraft:loot_table",
                "name": "qiq2i_clga1:item_sp/exp/type_2",
                "weight": 2,
                "functions": [
                    {
                        "function": "minecraft:set_count",
                        "count": 1
                    }
                ]
            },
            {
                "type": "minecraft:loot_table",
                "name": "qiq2i_clga1:item_sp/enchat/all0",
                "weight": 20,
                "functions": [
                    {
                        "function": "minecraft:set_count",
                        "count": {
                            "max": 3,
                            "min": 1
                        }
                    }
                ]
            },
            {
                "type": "minecraft:loot_table",
                "name": "qiq2i_clga1:item_sp/enchat/all1",
                "weight": 2,
                "functions": [
                    {
                        "function": "minecraft:set_count",
                        "count": {
                            "max": 3,
                            "min": 1
                        }
                    }
                ]
            },
          {
            "type": "minecraft:item",
            "weight": 10,
            "name": "minecraft:totem_of_undying"
          },
          {
            "type": "minecraft:item",
            "weight": 10,
            "name": "minecraft:book",
            "functions": [
                {
                    "function": "minecraft:enchant_with_levels",
                    "levels": {
                        "max": 39,
                        "min": 19
                    },
                    "treasure": true
                }
            ]
          },
          {
            "type": "minecraft:item",
            "weight": 5,
            "name": "minecraft:bow",
            "functions": [
                {
                    "function": "minecraft:enchant_with_levels",
                    "levels": {
                        "max": 39,
                        "min": 19
                    }
                },
                {
                    "function": "minecraft:set_damage",
                    "damage": {
                        "max": 1.0,
                        "min": 0.9
                    }
                }
            ]
          },
          {
            "type": "minecraft:item",
            "weight": 5,
            "name": "minecraft:crossbow",
            "functions": [
                {
                    "function": "minecraft:enchant_with_levels",
                    "levels": {
                        "max": 39,
                        "min": 19
                    },
                    "treasure": true
                },
                {
                    "function": "minecraft:set_damage",
                    "damage": {
                        "max": 1.0,
                        "min": 0.9
                    }
                }
            ]
          },
          {
            "type": "minecraft:item",
            "weight": 5,
            "name": "minecraft:diamond_sword",
            "functions": [
                {
                    "function": "minecraft:enchant_with_levels",
                    "levels": {
                        "max": 39,
                        "min": 19
                    },
                    "treasure": true
                },
                {
                    "function": "minecraft:set_damage",
                    "damage": {
                        "max": 1.0,
                        "min": 0.9
                    }
                }
            ]
          },
          {
            "type": "minecraft:item",
            "weight": 5,
            "name": "minecraft:diamond_helmet",
            "functions": [
                {
                    "function": "minecraft:enchant_with_levels",
                    "levels": {
                        "max": 39,
                        "min": 19
                    },
                    "treasure": true
                },
                {
                    "function": "minecraft:set_damage",
                    "damage": {
                        "max": 1.0,
                        "min": 0.9
                    }
                }
            ]
          },
          {
            "type": "minecraft:item",
            "weight": 5,
            "name": "minecraft:diamond_chestplate",
            "functions": [
                {
                    "function": "minecraft:enchant_with_levels",
                    "levels": {
                        "max": 39,
                        "min": 19
                    },
                    "treasure": true
                },
                {
                    "function": "minecraft:set_damage",
                    "damage": {
                        "max": 1.0,
                        "min": 0.9
                    }
                }
            ]
          },
          {
            "type": "minecraft:item",
            "weight": 5,
            "name": "minecraft:diamond_leggings",
            "functions": [
                {
                    "function": "minecraft:enchant_with_levels",
                    "levels": {
                        "max": 39,
                        "min": 19
                    },
                    "treasure": true
                },
                {
                    "function": "minecraft:set_damage",
                    "damage": {
                        "max": 1.0,
                        "min": 0.9
                    }
                }
            ]
          },
          {
            "type": "minecraft:item",
            "weight": 5,
            "name": "minecraft:diamond_boots",
            "functions": [
                {
                    "function": "minecraft:enchant_with_levels",
                    "levels": {
                        "max": 39,
                        "min": 19
                    },
                    "treasure": true
                },
                {
                    "function": "minecraft:set_damage",
                    "damage": {
                        "max": 1.0,
                        "min": 0.9
                    }
                }
            ]
          },
          {
            "type": "minecraft:item",
            "weight": 5,
            "name": "minecraft:shield",
            "functions": [
                {
                    "function": "minecraft:enchant_with_levels",
                    "levels": {
                        "max": 39,
                        "min": 19
                    },
                    "treasure": true
                },
                {
                    "function": "minecraft:set_damage",
                    "damage": {
                        "max": 1.0,
                        "min": 0.9
                    }
                }
            ]
          },
          {
            "type": "minecraft:item",
            "weight": 5,
            "name": "minecraft:trident",
            "functions": [
                {
                    "function": "minecraft:enchant_with_levels",
                    "levels": {
                        "max": 39,
                        "min": 19
                    },
                    "treasure": true
                },
                {
                    "function": "minecraft:set_damage",
                    "damage": {
                        "max": 1.0,
                        "min": 0.9
                    }
                }
            ]
          },
          {
            "type": "minecraft:item",
            "weight": 5,
            "name": "minecraft:iron_sword",
            "functions": [
                {
                    "function": "minecraft:enchant_with_levels",
                    "levels": {
                        "max": 39,
                        "min": 19
                    },
                    "treasure": true
                },
                {
                    "function": "minecraft:set_damage",
                    "damage": {
                        "max": 1.0,
                        "min": 0.9
                    }
                }
            ]
          },
          {
            "type": "minecraft:item",
            "weight": 5,
            "name": "minecraft:iron_helmet",
            "functions": [
                {
                    "function": "minecraft:enchant_with_levels",
                    "levels": {
                        "max": 39,
                        "min": 19
                    },
                    "treasure": true
                },
                {
                    "function": "minecraft:set_damage",
                    "damage": {
                        "max": 1.0,
                        "min": 0.9
                    }
                }
            ]
          },
          {
            "type": "minecraft:item",
            "weight": 5,
            "name": "minecraft:iron_chestplate",
            "functions": [
                {
                    "function": "minecraft:enchant_with_levels",
                    "levels": {
                        "max": 39,
                        "min": 19
                    },
                    "treasure": true
                },
                {
                    "function": "minecraft:set_damage",
                    "damage": {
                        "max": 1.0,
                        "min": 0.9
                    }
                }
            ]
          },
          {
            "type": "minecraft:item",
            "weight": 5,
            "name": "minecraft:iron_leggings",
            "functions": [
                {
                    "function": "minecraft:enchant_with_levels",
                    "levels": {
                        "max": 39,
                        "min": 19
                    },
                    "treasure": true
                },
                {
                    "function": "minecraft:set_damage",
                    "damage": {
                        "max": 1.0,
                        "min": 0.9
                    }
                }
            ]
          },
          {
            "type": "minecraft:item",
            "weight": 5,
            "name": "minecraft:iron_boots",
            "functions": [
                {
                    "function": "minecraft:enchant_with_levels",
                    "levels": {
                        "max": 39,
                        "min": 19
                    },
                    "treasure": true
                },
                {
                    "function": "minecraft:set_damage",
                    "damage": {
                        "max": 1.0,
                        "min": 0.9
                    }
                }
            ]
          },
          {
            "type": "minecraft:item",
            "weight": 5,
            "name": "minecraft:fishing_rod",
            "functions": [
                {
                    "function": "minecraft:enchant_with_levels",
                    "levels": {
                        "max": 39,
                        "min": 19
                    },
                    "treasure": true
                },
                {
                    "function": "minecraft:set_damage",
                    "damage": {
                        "max": 1.0,
                        "min": 0.9
                    }
                }
            ]
          },
          {
            "type": "minecraft:item",
            "weight": 5,
            "name": "minecraft:diamond_axe",
            "functions": [
                {
                    "function": "minecraft:enchant_with_levels",
                    "levels": {
                        "max": 39,
                        "min": 19
                    },
                    "treasure": true
                },
                {
                    "function": "minecraft:set_damage",
                    "damage": {
                        "max": 1.0,
                        "min": 0.9
                    }
                }
            ]
          },
          {
            "type": "minecraft:item",
            "weight": 5,
            "name": "minecraft:diamond_pickaxe",
            "functions": [
                {
                    "function": "minecraft:enchant_with_levels",
                    "levels": {
                        "max": 39,
                        "min": 19
                    },
                    "treasure": true
                },
                {
                    "function": "minecraft:set_damage",
                    "damage": {
                        "max": 1.0,
                        "min": 0.9
                    }
                }
            ]
          },
          {
            "type": "minecraft:item",
            "weight": 5,
            "name": "minecraft:diamond_hoe",
            "functions": [
                {
                    "function": "minecraft:enchant_with_levels",
                    "levels": {
                        "max": 39,
                        "min": 19
                    },
                    "treasure": true
                },
                {
                    "function": "minecraft:set_damage",
                    "damage": {
                        "max": 1.0,
                        "min": 0.9
                    }
                }
            ]
          },
          {
            "type": "minecraft:item",
            "weight": 5,
            "name": "minecraft:diamond_shovel",
            "functions": [
                {
                    "function": "minecraft:enchant_with_levels",
                    "levels": {
                        "max": 39,
                        "min": 19
                    },
                    "treasure": true
                },
                {
                    "function": "minecraft:set_damage",
                    "damage": {
                        "max": 1.0,
                        "min": 0.9
                    }
                }
            ]
          },
          {
            "type": "minecraft:item",
            "weight": 5,
            "name": "minecraft:iron_axe",
            "functions": [
                {
                    "function": "minecraft:enchant_with_levels",
                    "levels": {
                        "max": 39,
                        "min": 19
                    },
                    "treasure": true
                },
                {
                    "function": "minecraft:set_damage",
                    "damage": {
                        "max": 1.0,
                        "min": 0.9
                    }
                }
            ]
          },
          {
            "type": "minecraft:item",
            "weight": 5,
            "name": "minecraft:iron_pickaxe",
            "functions": [
                {
                    "function": "minecraft:enchant_with_levels",
                    "levels": {
                        "max": 39,
                        "min": 19
                    },
                    "treasure": true
                },
                {
                    "function": "minecraft:set_damage",
                    "damage": {
                        "max": 1.0,
                        "min": 0.9
                    }
                }
            ]
          },
          {
            "type": "minecraft:item",
            "weight": 5,
            "name": "minecraft:iron_hoe",
            "functions": [
                {
                    "function": "minecraft:enchant_with_levels",
                    "levels": {
                        "max": 39,
                        "min": 19
                    },
                    "treasure": true
                },
                {
                    "function": "minecraft:set_damage",
                    "damage": {
                        "max": 1.0,
                        "min": 0.9
                    }
                }
            ]
          },
          {
            "type": "minecraft:item",
            "weight": 5,
            "name": "minecraft:iron_shovel",
            "functions": [
                {
                    "function": "minecraft:enchant_with_levels",
                    "levels": {
                        "max": 39,
                        "min": 19
                    },
                    "treasure": true
                },
                {
                    "function": "minecraft:set_damage",
                    "damage": {
                        "max": 1.0,
                        "min": 0.9
                    }
                }
            ]
          },
          {
            "type": "minecraft:item",
            "weight": 10,
            "name": "minecraft:golden_apple",
            "functions": [
                {
                  "function": "minecraft:set_count",
                  "count": {
                      "max": 12,
                      "min": 6
                  }
                }
              ]
          },
          {
            "type": "minecraft:item",
            "weight": 8,
            "name": "minecraft:enchanted_golden_apple",
            "functions": [
                {
                  "function": "minecraft:set_count",
                  "count": {
                      "max": 2,
                      "min": 1
                  }
                }
              ]
          },
          {
            "type": "minecraft:item",
            "weight": 10,
            "name": "minecraft:ender_pearl",
            "functions": [
                {
                  "function": "minecraft:set_count",
                  "count": {
                      "max": 16,
                      "min": 1
                  }
                }
              ]
          },
          {
            "type": "minecraft:item",
            "weight": 10,
            "name": "minecraft:diamond_block",
            "functions": [
                {
                  "function": "minecraft:set_count",
                  "count": {
                      "max": 6,
                      "min": 1
                  }
                }
              ]
          },
          {
            "type": "minecraft:item",
            "weight": 10,
            "name": "minecraft:iron_block",
            "functions": [
                {
                  "function": "minecraft:set_count",
                  "count": {
                      "max": 12,
                      "min": 1
                  }
                }
              ]
          },
          {
            "type": "minecraft:item",
            "weight": 10,
            "name": "minecraft:gold_block",
            "functions": [
                {
                  "function": "minecraft:set_count",
                  "count": {
                      "max": 16,
                      "min": 1
                  }
                }
              ]
          },
          {
            "type": "minecraft:item",
            "weight": 10,
            "name": "minecraft:emerald_block",
            "functions": [
                {
                  "function": "minecraft:set_count",
                  "count": {
                      "max": 24,
                      "min": 1
                  }
                }
              ]
          },
          {
            "type": "minecraft:item",
            "weight": 5,
            "name": "minecraft:netherite_scrap",
            "functions": [
                {
                  "function": "minecraft:set_count",
                  "count": {
                      "max": 8,
                      "min": 1
                  }
                }
              ]
          }
        ]
      }
    ]
  }
  