{
    "type": "minecraft:entity",
    "pools": [
      {
        "rolls": 1.0,
        "bonus_rolls": 0.0,
        "entries": [
          {
            "type": "minecraft:loot_table",
            "name": "qiq2i_clga1:item_sp/exp/type_1",
            "functions": [
                {
                    "function": "minecraft:set_count",
                    "count": {
                        "max": 4,
                        "min": 1
                    }
                }
            ]
         }
        ]
      },
      {
        "rolls": 1,
        "entries": [
          
            {
            "type": "minecraft:item",
            "name": "minecraft:tnt",
            "weight": 20,
            "functions": [
              {
                  "function": "set_nbt",
                  "tag": "{qiq2i_clga1_sp_pillagera2_Mobs1:1}"
              }
            ]
            }
        ]
      },
      {
        "rolls": 4,
        "entries": [
          {
            "type": "minecraft:item",
            "weight": 10,
            "name": "minecraft:totem_of_undying",
            "functions": [
                {
                  "function": "minecraft:set_count",
                  "count": {
                      "max": 2,
                      "min": 1
                  }
                }
              ]
          },
          {
            "type": "minecraft:item",
            "weight": 4,
            "name": "minecraft:book",
            "functions": [
                {
                    "function": "minecraft:enchant_with_levels",
                    "levels": {
                        "max": 39,
                        "min": 3
                    },
                    "treasure": true
                }
            ]
          },
          {
            "type": "minecraft:item",
            "weight": 10,
            "name": "minecraft:golden_apple",
            "functions": [
                {
                  "function": "minecraft:set_count",
                  "count": {
                      "max": 2,
                      "min": 1
                  }
                }
              ]
          },
          {
            "type": "minecraft:item",
            "weight": 10,
            "name": "minecraft:ender_pearl",
            "functions": [
                {
                  "function": "minecraft:set_count",
                  "count": {
                      "max": 2,
                      "min": 1
                  }
                }
              ]
          },
          {
            "type": "minecraft:item",
            "weight": 10,
            "name": "minecraft:diamond",
            "functions": [
                {
                  "function": "minecraft:set_count",
                  "count": {
                      "max": 2,
                      "min": 1
                  }
                }
              ]
          },
          {
            "type": "minecraft:item",
            "weight": 20,
            "name": "minecraft:iron_ingot",
            "functions": [
                {
                  "function": "minecraft:set_count",
                  "count": {
                      "max": 8,
                      "min": 4
                  }
                }
              ]
          },
          {
            "type": "minecraft:item",
            "weight": 20,
            "name": "minecraft:gold_ingot",
            "functions": [
                {
                  "function": "minecraft:set_count",
                  "count": {
                      "max": 8,
                      "min": 4
                  }
                }
              ]
          },
          {
            "type": "minecraft:item",
            "weight": 20,
            "name": "minecraft:emerald",
            "functions": [
                {
                  "function": "minecraft:set_count",
                  "count": {
                      "max": 8,
                      "min": 4
                  }
                }
              ]
          },
          {
            "type": "minecraft:item",
            "weight": 2,
            "name": "minecraft:netherite_scrap",
            "functions": [
                {
                  "function": "minecraft:set_count",
                  "count": {
                      "max": 1,
                      "min": 1
                  }
                }
              ]
          }
        ]
      }
    ]
  }