{
  "type": "minecraft:entity",
  "pools": [
    {
      "rolls": 1.0,
      "bonus_rolls": 0.0,
      "entries": [
        {
          "type": "minecraft:loot_table",
          "name": "qiq2i_clga1:item_sp/enchat/type_10",
          "functions": [
              {
                  "function": "minecraft:set_count",
                  "count": 1
              }
          ],
          "conditions": [
            {
              "condition": "minecraft:random_chance",
              "chance": 0.2
            }
          ]
       }
      ]
    },
    {
      "rolls": 1.0,
      "bonus_rolls": 0.0,
      "entries": [
        {
          "type": "minecraft:loot_table",
          "name": "qiq2i_clga1:item_sp/exp/type_1",
          "functions": [
              {
                  "function": "minecraft:set_count",
                  "count": {
                      "max": 4,
                      "min": 1
                  }
              }
          ]
       }
      ]
    },
    {
      "rolls": 1.0,
      "bonus_rolls": 0.0,
      "entries": [
        {
          "type": "minecraft:item",
          "functions": [
            {
              "function": "minecraft:set_count",
              "count": {
                "type": "minecraft:uniform",
                "min": 0.0,
                "max": 2.0
              },
              "add": false
            },
            {
              "function": "minecraft:looting_enchant",
              "count": {
                "type": "minecraft:uniform",
                "min": 0.0,
                "max": 1.0
              }
            }
          ],
          "name": "minecraft:rotten_flesh"
        }
      ]
    },
    {
      "rolls": 1.0,
      "bonus_rolls": 0.0,
      "entries": [
        {
          "type": "minecraft:item",
          "name": "minecraft:iron_ingot"
        },
        {
          "type": "minecraft:item",
          "name": "minecraft:carrot"
        },
        {
          "type": "minecraft:item",
          "functions": [
            {
              "function": "minecraft:furnace_smelt",
              "conditions": [
                {
                  "condition": "minecraft:entity_properties",
                  "predicate": {
                    "flags": {
                      "is_on_fire": true
                    }
                  },
                  "entity": "this"
                }
              ]
            }
          ],
          "name": "minecraft:potato"
        }
      ],
      "conditions": [
        {
          "condition": "minecraft:killed_by_player"
        },
        {
          "condition": "minecraft:random_chance_with_looting",
          "chance": 0.025,
          "looting_multiplier": 0.01
        }
      ]
    },
    {
      "rolls": 4,
      "entries": [
        {
          "type": "minecraft:item",
          "weight": 40,
          "name": "minecraft:zombie_head"
        },
        {
          "type": "minecraft:item",
          "weight": 10,
          "name": "minecraft:totem_of_undying",
          "functions": [
              {
                "function": "minecraft:set_count",
                "count": 1
              },
              {
                "function": "minecraft:looting_enchant",
                "count": {
                  "type": "minecraft:uniform",
                  "min": 0.0,
                  "max": 1.0
                }
              }
            ]
        },
        {
          "type": "minecraft:item",
          "weight": 4,
          "name": "minecraft:book",
          "functions": [
              {
                  "function": "minecraft:enchant_with_levels",
                  "levels": {
                      "max": 39,
                      "min": 3
                  },
                  "treasure": true
              },
              {
                "function": "minecraft:looting_enchant",
                "count": {
                  "type": "minecraft:uniform",
                  "min": 0.0,
                  "max": 1.0
                }
              }
          ]
        },
        {
          "type": "minecraft:item",
          "weight": 10,
          "name": "minecraft:golden_apple",
          "functions": [
              {
                "function": "minecraft:set_count",
                "count": {
                    "max": 2,
                    "min": 1
                }
              },
              {
                "function": "minecraft:looting_enchant",
                "count": {
                  "type": "minecraft:uniform",
                  "min": 0.0,
                  "max": 1.0
                }
              }
            ]
        },
        {
          "type": "minecraft:item",
          "weight": 10,
          "name": "minecraft:ender_pearl",
          "functions": [
              {
                "function": "minecraft:set_count",
                "count": {
                    "max": 2,
                    "min": 1
                }
              },
              {
                "function": "minecraft:looting_enchant",
                "count": {
                  "type": "minecraft:uniform",
                  "min": 0.0,
                  "max": 1.0
                }
              }
            ]
        },
        {
          "type": "minecraft:item",
          "weight": 10,
          "name": "minecraft:diamond",
          "functions": [
              {
                "function": "minecraft:set_count",
                "count": {
                    "max": 2,
                    "min": 1
                }
              },
              {
                "function": "minecraft:looting_enchant",
                "count": {
                  "type": "minecraft:uniform",
                  "min": 0.0,
                  "max": 1.0
                }
              }
            ]
        },
        {
          "type": "minecraft:item",
          "weight": 20,
          "name": "minecraft:iron_ingot",
          "functions": [
              {
                "function": "minecraft:set_count",
                "count": {
                    "max": 8,
                    "min": 4
                }
              },
              {
                "function": "minecraft:looting_enchant",
                "count": {
                  "type": "minecraft:uniform",
                  "min": 0.0,
                  "max": 1.0
                }
              }
            ]
        },
        {
          "type": "minecraft:item",
          "weight": 20,
          "name": "minecraft:gold_ingot",
          "functions": [
              {
                "function": "minecraft:set_count",
                "count": {
                    "max": 8,
                    "min": 4
                }
              },
              {
                "function": "minecraft:looting_enchant",
                "count": {
                  "type": "minecraft:uniform",
                  "min": 0.0,
                  "max": 1.0
                }
              }
            ]
        },
        {
          "type": "minecraft:item",
          "weight": 20,
          "name": "minecraft:emerald",
          "functions": [
              {
                "function": "minecraft:set_count",
                "count": {
                    "max": 8,
                    "min": 4
                }
              },
              {
                "function": "minecraft:looting_enchant",
                "count": {
                  "type": "minecraft:uniform",
                  "min": 0.0,
                  "max": 1.0
                }
              }
            ]
        },
        {
          "type": "minecraft:item",
          "weight": 20,
          "name": "minecraft:copper_ingot",
          "functions": [
              {
                "function": "minecraft:set_count",
                "count": {
                    "max": 2,
                    "min": 1
                }
              },
              {
                "function": "minecraft:looting_enchant",
                "count": {
                  "type": "minecraft:uniform",
                  "min": 0.0,
                  "max": 1.0
                }
              }
            ]
        },
        {
          "type": "minecraft:item",
          "weight": 20,
          "name": "minecraft:lapis_lazuli",
          "functions": [
              {
                "function": "minecraft:set_count",
                "count": {
                    "max": 12,
                    "min": 6
                }
              },
              {
                "function": "minecraft:looting_enchant",
                "count": {
                  "type": "minecraft:uniform",
                  "min": 0.0,
                  "max": 1.0
                }
              }
            ]
        },
        {
          "type": "minecraft:item",
          "weight": 2,
          "name": "minecraft:netherite_scrap",
          "functions": [
              {
                "function": "minecraft:set_count",
                "count": {
                    "max": 1,
                    "min": 1
                }
              },
              {
                "function": "minecraft:looting_enchant",
                "count": {
                  "type": "minecraft:uniform",
                  "min": 0.0,
                  "max": 1.0
                }
              }
            ]
        }
      ]
    }
  ]
}