{
  "parent": "qiq2i_clga1:common/root",
  "display": {
    "icon": {
      "item": "minecraft:arrow",
      "nbt": "{Enchantments:[{id:\"minecraft:unbreaking\",lvl:1}]}"
    },
    "title": {
      "text": "穿笼箭"
    },
    "description": {
      "text": "§e在末地用弓干掉一只远古守卫者"
    },
    "frame": "task",
    "show_toast": true,
    "announce_to_chat": true,
    "hidden": false
  },
  "rewards": {
    "experience": 50,
    "function": "qiq2i_clga1:player_attribute/task"
  },
  "criteria": {
    "killed_1": {
      "trigger": "minecraft:player_killed_entity",
      "conditions": {
        "entity": [
          {
            "condition": "minecraft:entity_properties",
            "predicate": {
              "type": "minecraft:elder_guardian",
              "location": {
                "dimension": "minecraft:the_end"
              }
            },
            "entity": "this"
          }
        ],
        "killing_blow": {
          "is_projectile": true,
          "direct_entity": {
            "type": "minecraft:arrow"
          }
        }
      }
    }
  },
  "requirements": [
    [
      "killed_1"
    ]
  ]
}