{
    "rewards": {
        "function": "qiq2i_items:exp/food.1004"
    },
    "criteria": {
        "1": {
            "trigger": "minecraft:consume_item",
            "conditions": {
                "item": {
                    "components": {
                        "minecraft:custom_data": {
                            "qiq2i_clga1_food": {
                                "id":"1004"
                            },
                            "qiq2i_clga1_item_exp": 1,
                            "qiq2i_clga1_item_sp": 1
                        }
                    }
                }
            }
        }
    }
}