{
  "parent": "qiq2i_clga1:common/bata1",
  "display": {
    "icon": {
      "item": "minecraft:arrow"
    },
    "title": {
      "text": "一击必中"
    },
    "description": {
      "text": "§e用箭击杀一只幸运蝙蝠"
    },
    "frame": "task",
    "show_toast": true,
    "announce_to_chat": true,
    "hidden": false
  },
  "rewards": {
    "function": "qiq2i_clga1:player_attribute/task"
  },
  "criteria": {
     "a":{
       "trigger": "minecraft:player_killed_entity",
       "conditions": {
         "entity": [
           {
             "condition": "minecraft:entity_properties",
             "predicate": {
               "nbt": "{Tags:[\"qiq2i_clga1_buff_bata1\"]}"
             },
             "entity": "this"
           }
         ],
         "killing_blow": {
           "is_projectile": true,
           "direct_entity": {
             "type": "minecraft:arrow"
           }
         }
       }
     }
  },
  "requirements": [
    [
      "a"
    ]
  ]
}