{
  "parent": "qiq2i_clga1:common/food_1",
  "display": {
    "icon": {
      "item": "minecraft:mushroom_stew",
      "nbt": "{CustomModelData:200229,Enchantments:[{id:\"minecraft:unbreaking\",lvl:1}]}"
    },
    "title": {
      "text": "吃尽一切"
    },
    "description": {
      "text": "§e吃遍所有食物！包括原版食材和流浪商人售卖的美食"
    },
    "frame": "challenge",
    "show_toast": true,
    "announce_to_chat": true,
    "hidden": false
  },
  "rewards": {
    "function": "qiq2i_clga1:player_attribute/challenge"
  },
  "criteria": {
    "1":{
      "trigger": "minecraft:consume_item",
      "conditions": {
        "item": {
          "nbt": "{qiq2i_clga1_food:1}"
        }
      }
    },
    "2":{
     "trigger": "minecraft:consume_item",
     "conditions": {
       "item": {
         "nbt": "{qiq2i_clga1_food:2}"
       }
     }
   },
   "3":{
     "trigger": "minecraft:consume_item",
     "conditions": {
       "item": {
         "nbt": "{qiq2i_clga1_food:3}"
       }
     }
   },
   "4":{
     "trigger": "minecraft:consume_item",
     "conditions": {
       "item": {
         "nbt": "{qiq2i_clga1_food:4}"
       }
     }
   },
   "5":{
     "trigger": "minecraft:consume_item",
     "conditions": {
       "item": {
         "nbt": "{qiq2i_clga1_food:5}"
       }
     }
   },
   "6":{
     "trigger": "minecraft:consume_item",
     "conditions": {
       "item": {
         "nbt": "{qiq2i_clga1_food:6}"
       }
     }
   },
   "7":{
     "trigger": "minecraft:consume_item",
     "conditions": {
       "item": {
         "nbt": "{qiq2i_clga1_food:7}"
       }
     }
   },
   "8":{
     "trigger": "minecraft:consume_item",
     "conditions": {
       "item": {
         "nbt": "{qiq2i_clga1_food:8}"
       }
     }
   },
   "9":{
     "trigger": "minecraft:consume_item",
     "conditions": {
       "item": {
         "nbt": "{qiq2i_clga1_food:9}"
       }
     }
   },
   "10":{
     "trigger": "minecraft:consume_item",
     "conditions": {
       "item": {
         "nbt": "{qiq2i_clga1_food:10}"
       }
     }
   },
   "11":{
      "trigger": "minecraft:consume_item",
      "conditions": {
        "item": {
          "nbt": "{qiq2i_clga1_food:11}"
        }
      }
    },
    "12":{
     "trigger": "minecraft:consume_item",
     "conditions": {
       "item": {
         "nbt": "{qiq2i_clga1_food:12}"
       }
     }
   },
   "13":{
     "trigger": "minecraft:consume_item",
     "conditions": {
       "item": {
         "nbt": "{qiq2i_clga1_food:13}"
       }
     }
   },
   "14":{
     "trigger": "minecraft:consume_item",
     "conditions": {
       "item": {
         "nbt": "{qiq2i_clga1_food:14}"
       }
     }
   },
   "15":{
     "trigger": "minecraft:consume_item",
     "conditions": {
       "item": {
         "nbt": "{qiq2i_clga1_food:15}"
       }
     }
   },
   "16":{
     "trigger": "minecraft:consume_item",
     "conditions": {
       "item": {
         "nbt": "{qiq2i_clga1_food:16}"
       }
     }
   },
   "17":{
     "trigger": "minecraft:consume_item",
     "conditions": {
       "item": {
         "nbt": "{qiq2i_clga1_food:17}"
       }
     }
   },
   "18":{
     "trigger": "minecraft:consume_item",
     "conditions": {
       "item": {
         "nbt": "{qiq2i_clga1_food:18}"
       }
     }
   },
   "19":{
     "trigger": "minecraft:consume_item",
     "conditions": {
       "item": {
         "nbt": "{qiq2i_clga1_food:19}"
       }
     }
   },
   "20":{
     "trigger": "minecraft:consume_item",
     "conditions": {
       "item": {
         "nbt": "{qiq2i_clga1_food:20}"
       }
     }
   },
   "21":{
     "trigger": "minecraft:consume_item",
     "conditions": {
       "item": {
         "nbt": "{qiq2i_clga1_food:21}"
       }
     }
   },
   "22":{
     "trigger": "minecraft:consume_item",
     "conditions": {
       "item": {
         "nbt": "{qiq2i_clga1_food:22}"
       }
     }
   },
   "23":{
     "trigger": "minecraft:consume_item",
     "conditions": {
       "item": {
         "nbt": "{qiq2i_clga1_food:23}"
       }
     }
   },
   "guilin_rice_noodles":{
     "trigger": "minecraft:consume_item",
     "conditions": {
       "item": {
         "nbt": "{qiq2i_clga1_food:\"guilin_rice_noodles\"}"
       }
     }
   },
   "wuzhou_paper_wrapped_chicken":{
     "trigger": "minecraft:consume_item",
     "conditions": {
       "item": {
         "nbt": "{qiq2i_clga1_food:\"wuzhou_paper_wrapped_chicken\"}"
       }
     }
   },
   "hezhou_sanbao_brew":{
     "trigger": "minecraft:consume_item",
     "conditions": {
       "item": {
         "nbt": "{qiq2i_clga1_food:\"hezhou_sanbao_brew\"}"
       }
     }
   },
   "apple": {
    "trigger": "minecraft:consume_item",
    "conditions": {
      "item": {
        "items": [
          "minecraft:apple"
        ]
      }
    }
  },
  "mushroom_stew": {
    "trigger": "minecraft:consume_item",
    "conditions": {
      "item": {
        "items": [
          "minecraft:mushroom_stew"
        ]
      }
    }
  },
  "bread": {
    "trigger": "minecraft:consume_item",
    "conditions": {
      "item": {
        "items": [
          "minecraft:bread"
        ]
      }
    }
  },
  "porkchop": {
    "trigger": "minecraft:consume_item",
    "conditions": {
      "item": {
        "items": [
          "minecraft:porkchop"
        ]
      }
    }
  },
  "cooked_porkchop": {
    "trigger": "minecraft:consume_item",
    "conditions": {
      "item": {
        "items": [
          "minecraft:cooked_porkchop"
        ]
      }
    }
  },
  "golden_apple": {
    "trigger": "minecraft:consume_item",
    "conditions": {
      "item": {
        "items": [
          "minecraft:golden_apple"
        ]
      }
    }
  },
  "enchanted_golden_apple": {
    "trigger": "minecraft:consume_item",
    "conditions": {
      "item": {
        "items": [
          "minecraft:enchanted_golden_apple"
        ]
      }
    }
  },
  "cod": {
    "trigger": "minecraft:consume_item",
    "conditions": {
      "item": {
        "items": [
          "minecraft:cod"
        ]
      }
    }
  },
  "salmon": {
    "trigger": "minecraft:consume_item",
    "conditions": {
      "item": {
        "items": [
          "minecraft:salmon"
        ]
      }
    }
  },
  "tropical_fish": {
    "trigger": "minecraft:consume_item",
    "conditions": {
      "item": {
        "items": [
          "minecraft:tropical_fish"
        ]
      }
    }
  },
  "pufferfish": {
    "trigger": "minecraft:consume_item",
    "conditions": {
      "item": {
        "items": [
          "minecraft:pufferfish"
        ]
      }
    }
  },
  "cooked_cod": {
    "trigger": "minecraft:consume_item",
    "conditions": {
      "item": {
        "items": [
          "minecraft:cooked_cod"
        ]
      }
    }
  },
  "cooked_salmon": {
    "trigger": "minecraft:consume_item",
    "conditions": {
      "item": {
        "items": [
          "minecraft:cooked_salmon"
        ]
      }
    }
  },
  "cookie": {
    "trigger": "minecraft:consume_item",
    "conditions": {
      "item": {
        "items": [
          "minecraft:cookie"
        ]
      }
    }
  },
  "melon_slice": {
    "trigger": "minecraft:consume_item",
    "conditions": {
      "item": {
        "items": [
          "minecraft:melon_slice"
        ]
      }
    }
  },
  "beef": {
    "trigger": "minecraft:consume_item",
    "conditions": {
      "item": {
        "items": [
          "minecraft:beef"
        ]
      }
    }
  },
  "cooked_beef": {
    "trigger": "minecraft:consume_item",
    "conditions": {
      "item": {
        "items": [
          "minecraft:cooked_beef"
        ]
      }
    }
  },
  "chicken": {
    "trigger": "minecraft:consume_item",
    "conditions": {
      "item": {
        "items": [
          "minecraft:chicken"
        ]
      }
    }
  },
  "cooked_chicken": {
    "trigger": "minecraft:consume_item",
    "conditions": {
      "item": {
        "items": [
          "minecraft:cooked_chicken"
        ]
      }
    }
  },
  "rotten_flesh": {
    "trigger": "minecraft:consume_item",
    "conditions": {
      "item": {
        "items": [
          "minecraft:rotten_flesh"
        ]
      }
    }
  },
  "spider_eye": {
    "trigger": "minecraft:consume_item",
    "conditions": {
      "item": {
        "items": [
          "minecraft:spider_eye"
        ]
      }
    }
  },
  "carrot": {
    "trigger": "minecraft:consume_item",
    "conditions": {
      "item": {
        "items": [
          "minecraft:carrot"
        ]
      }
    }
  },
  "potato": {
    "trigger": "minecraft:consume_item",
    "conditions": {
      "item": {
        "items": [
          "minecraft:potato"
        ]
      }
    }
  },
  "baked_potato": {
    "trigger": "minecraft:consume_item",
    "conditions": {
      "item": {
        "items": [
          "minecraft:baked_potato"
        ]
      }
    }
  },
  "poisonous_potato": {
    "trigger": "minecraft:consume_item",
    "conditions": {
      "item": {
        "items": [
          "minecraft:poisonous_potato"
        ]
      }
    }
  },
  "golden_carrot": {
    "trigger": "minecraft:consume_item",
    "conditions": {
      "item": {
        "items": [
          "minecraft:golden_carrot"
        ]
      }
    }
  },
  "pumpkin_pie": {
    "trigger": "minecraft:consume_item",
    "conditions": {
      "item": {
        "items": [
          "minecraft:pumpkin_pie"
        ]
      }
    }
  },
  "rabbit": {
    "trigger": "minecraft:consume_item",
    "conditions": {
      "item": {
        "items": [
          "minecraft:rabbit"
        ]
      }
    }
  },
  "cooked_rabbit": {
    "trigger": "minecraft:consume_item",
    "conditions": {
      "item": {
        "items": [
          "minecraft:cooked_rabbit"
        ]
      }
    }
  },
  "rabbit_stew": {
    "trigger": "minecraft:consume_item",
    "conditions": {
      "item": {
        "items": [
          "minecraft:rabbit_stew"
        ]
      }
    }
  },
  "mutton": {
    "trigger": "minecraft:consume_item",
    "conditions": {
      "item": {
        "items": [
          "minecraft:mutton"
        ]
      }
    }
  },
  "cooked_mutton": {
    "trigger": "minecraft:consume_item",
    "conditions": {
      "item": {
        "items": [
          "minecraft:cooked_mutton"
        ]
      }
    }
  },
  "chorus_fruit": {
    "trigger": "minecraft:consume_item",
    "conditions": {
      "item": {
        "items": [
          "minecraft:chorus_fruit"
        ]
      }
    }
  },
  "beetroot": {
    "trigger": "minecraft:consume_item",
    "conditions": {
      "item": {
        "items": [
          "minecraft:beetroot"
        ]
      }
    }
  },
  "beetroot_soup": {
    "trigger": "minecraft:consume_item",
    "conditions": {
      "item": {
        "items": [
          "minecraft:beetroot_soup"
        ]
      }
    }
  },
  "dried_kelp": {
    "trigger": "minecraft:consume_item",
    "conditions": {
      "item": {
        "items": [
          "minecraft:dried_kelp"
        ]
      }
    }
  },
  "suspicious_stew": {
    "trigger": "minecraft:consume_item",
    "conditions": {
      "item": {
        "items": [
          "minecraft:suspicious_stew"
        ]
      }
    }
  },
  "sweet_berries": {
    "trigger": "minecraft:consume_item",
    "conditions": {
      "item": {
        "items": [
          "minecraft:sweet_berries"
        ]
      }
    }
  },
  "honey_bottle": {
    "trigger": "minecraft:consume_item",
    "conditions": {
      "item": {
        "items": [
          "minecraft:honey_bottle"
        ]
      }
    }
  },
  "glow_berries": {
    "trigger": "minecraft:consume_item",
    "conditions": {
      "item": {
        "items": [
          "minecraft:glow_berries"
        ]
      }
    }
  }
  }
}