{
    "parent": "qiq2i_clga1:common/root",
    "display": {
      "icon": {
        "item": "minecraft:fire_charge"
      },
      "title": {
        "text": "绝地反击"
      },
      "description": {
        "text": "§e使用一团火球干掉一只拥有§b地狱轰炸机的弹药升级§e§lII§e效果的恶魂"
      },
      "frame": "challenge",
      "show_toast": true,
      "announce_to_chat": true,
      "hidden": false
    },
    "rewards": {
      "experience": 50,
      "function": "qiq2i_clga1:player_attribute/challenge"
    },
    "criteria": {
      "a": {
        "trigger": "minecraft:player_killed_entity",
        "conditions": {
          "entity": [
            {
              "condition": "minecraft:entity_properties",
              "predicate": {
                "type": "minecraft:ghast",
                "nbt": "{Tags:[\"qiq2i_clga1_ghasta2_level2\"]}"
              },
              "entity": "this"
            }
          ],
          "killing_blow": {
            "is_projectile": true,
            "direct_entity": {
              "type": "minecraft:fireball"
            }
          }
        }
      }
    },
    "requirements": [
      [
        "a"
      ]
    ]
  }