{
  "parent": "qiq2i_clga1:common/zombiea2",
  "display": {
    "icon": {
      "item": "minecraft:skeleton_skull"
    },
    "title": {
      "text": "精英骷髅"
    },
    "description": {
      "text": "§e击杀一只精英骷髅"
    },
    "frame": "task",
    "show_toast": true,
    "announce_to_chat": true,
    "hidden": false
  },
  "rewards": {
    "function": "qiq2i_clga1:player_attribute/task"
  },
  "criteria": {
     "a":{
       "trigger": "minecraft:player_killed_entity",
       "conditions": {
         "entity": [
           {
             "condition": "minecraft:entity_properties",
             "predicate": {
               "nbt": "{Tags:[\"qiq2i_clga1_buff_skeletona2\"]}"
             },
             "entity": "this"
           }
         ]
       }
     }
  },
  "requirements": [
    [
      "a"
    ]
  ]
}