{
    "type": "minecraft:entity",
    "pools": [
      {
        "rolls": 1,
        "entries": [
          {
            "type": "minecraft:item",
            "name": "minecraft:totem_of_undying",
            "functions": [
                {
                    "function": "minecraft:set_nbt",
                    "tag": "{CustomModelData:2002029,qiq2i_clga1_totem_of_undying:9,qiq2i_clga1_item_sp:1,display:{Name:'{\"text\":\"§e剧毒不死图腾\"}',Lore:['{\"text\":\"§e使用后触发\"}','{\"text\":\"§e给予附近的怪物5s剧毒4\"}','{\"text\":\"\"}']},HideFlags:63}"
                },
                {
                  "function": "minecraft:set_count",
                  "count": 1
                }
              ]
          }
        ]
      }
    ]
  }
  