{
	"credit": "Made with Blockbench",
	"textures": {
		"0": "block/red_concrete",
		"1": "block/quartz_block_bottom"
	},
	"elements": [
		{
			"from": [0, 0, 4],
			"to": [2, 2, 6],
			"faces": {
				"north": {"uv": [0, 0, 16, 16], "texture": "#0", "tintindex": false},
				"west": {"uv": [0, 0, 16, 16], "texture": "#0", "tintindex": false},
				"down": {"uv": [0, 0, 16, 16], "texture": "#0", "tintindex": false}
			}
		},
		{
			"from": [0, 0, 6],
			"to": [2, 2, 8],
			"faces": {
				"south": {"uv": [0, 0, 16, 16], "texture": "#0", "tintindex": false},
				"west": {"uv": [0, 0, 16, 16], "texture": "#0", "tintindex": false},
				"down": {"uv": [0, 0, 16, 16], "texture": "#0", "tintindex": false}
			}
		},
		{
			"from": [2, 0, 4],
			"to": [4, 2, 6],
			"faces": {
				"north": {"uv": [0, 0, 16, 16], "texture": "#0", "tintindex": false},
				"east": {"uv": [0, 0, 16, 16], "texture": "#0", "tintindex": false},
				"down": {"uv": [0, 0, 16, 16], "texture": "#0", "tintindex": false}
			}
		},
		{
			"from": [2, 0, 6],
			"to": [4, 2, 8],
			"faces": {
				"east": {"uv": [0, 0, 16, 16], "texture": "#0", "tintindex": false},
				"south": {"uv": [0, 0, 16, 16], "texture": "#0", "tintindex": false},
				"down": {"uv": [0, 0, 16, 16], "texture": "#0", "tintindex": false}
			}
		},
		{
			"from": [6, 0, 4],
			"to": [8, 2, 6],
			"faces": {
				"north": {"uv": [0, 0, 16, 16], "texture": "#0", "tintindex": false},
				"west": {"uv": [0, 0, 16, 16], "texture": "#0", "tintindex": false},
				"down": {"uv": [0, 0, 16, 16], "texture": "#0", "tintindex": false}
			}
		},
		{
			"from": [6, 0, 6],
			"to": [8, 2, 8],
			"faces": {
				"south": {"uv": [0, 0, 16, 16], "texture": "#0", "tintindex": false},
				"west": {"uv": [0, 0, 16, 16], "texture": "#0", "tintindex": false},
				"down": {"uv": [0, 0, 16, 16], "texture": "#0", "tintindex": false}
			}
		},
		{
			"from": [8, 0, 4],
			"to": [10, 2, 6],
			"faces": {
				"north": {"uv": [0, 0, 16, 16], "texture": "#0", "tintindex": false},
				"east": {"uv": [0, 0, 16, 16], "texture": "#0", "tintindex": false},
				"down": {"uv": [0, 0, 16, 16], "texture": "#0", "tintindex": false}
			}
		},
		{
			"from": [8, 0, 6],
			"to": [10, 2, 8],
			"faces": {
				"east": {"uv": [0, 0, 16, 16], "texture": "#0", "tintindex": false},
				"south": {"uv": [0, 0, 16, 16], "texture": "#0", "tintindex": false},
				"down": {"uv": [0, 0, 16, 16], "texture": "#0", "tintindex": false}
			}
		},
		{
			"from": [0, 2, 4],
			"to": [2, 4, 6],
			"faces": {
				"north": {"uv": [0, 0, 16, 16], "texture": "#0", "tintindex": false},
				"west": {"uv": [0, 0, 16, 16], "texture": "#0", "tintindex": false}
			}
		},
		{
			"from": [0, 2, 6],
			"to": [2, 4, 8],
			"faces": {
				"south": {"uv": [0, 0, 16, 16], "texture": "#0", "tintindex": false},
				"west": {"uv": [0, 0, 16, 16], "texture": "#0", "tintindex": false}
			}
		},
		{
			"from": [2, 2, 4],
			"to": [4, 4, 6],
			"faces": {
				"north": {"uv": [0, 0, 16, 16], "texture": "#0", "tintindex": false},
				"east": {"uv": [0, 0, 16, 16], "texture": "#0", "tintindex": false}
			}
		},
		{
			"from": [2, 2, 6],
			"to": [4, 4, 8],
			"faces": {
				"east": {"uv": [0, 0, 16, 16], "texture": "#0", "tintindex": false},
				"south": {"uv": [0, 0, 16, 16], "texture": "#0", "tintindex": false}
			}
		},
		{
			"from": [6, 2, 4],
			"to": [8, 4, 6],
			"faces": {
				"north": {"uv": [0, 0, 16, 16], "texture": "#0", "tintindex": false},
				"west": {"uv": [0, 0, 16, 16], "texture": "#0", "tintindex": false}
			}
		},
		{
			"from": [6, 2, 6],
			"to": [8, 4, 8],
			"faces": {
				"south": {"uv": [0, 0, 16, 16], "texture": "#0", "tintindex": false},
				"west": {"uv": [0, 0, 16, 16], "texture": "#0", "tintindex": false}
			}
		},
		{
			"from": [8, 2, 4],
			"to": [10, 4, 6],
			"faces": {
				"north": {"uv": [0, 0, 16, 16], "texture": "#0", "tintindex": false},
				"east": {"uv": [0, 0, 16, 16], "texture": "#0", "tintindex": false}
			}
		},
		{
			"from": [8, 2, 6],
			"to": [10, 4, 8],
			"faces": {
				"east": {"uv": [0, 0, 16, 16], "texture": "#0", "tintindex": false},
				"south": {"uv": [0, 0, 16, 16], "texture": "#0", "tintindex": false}
			}
		},
		{
			"from": [0, 4, 4],
			"to": [2, 6, 6],
			"faces": {
				"north": {"uv": [0, 0, 16, 16], "texture": "#0", "tintindex": false},
				"west": {"uv": [0, 0, 16, 16], "texture": "#0", "tintindex": false}
			}
		},
		{
			"from": [0, 4, 6],
			"to": [2, 6, 8],
			"faces": {
				"south": {"uv": [0, 0, 16, 16], "texture": "#0", "tintindex": false},
				"west": {"uv": [0, 0, 16, 16], "texture": "#0", "tintindex": false}
			}
		},
		{
			"from": [2, 4, 2],
			"to": [4, 6, 4],
			"faces": {
				"north": {"uv": [0, 0, 16, 16], "texture": "#0", "tintindex": false},
				"west": {"uv": [0, 0, 16, 16], "texture": "#0", "tintindex": false},
				"down": {"uv": [0, 0, 16, 16], "texture": "#0", "tintindex": false}
			}
		},
		{
			"from": [2, 4, 8],
			"to": [4, 6, 10],
			"faces": {
				"south": {"uv": [0, 0, 16, 16], "texture": "#0", "tintindex": false},
				"west": {"uv": [0, 0, 16, 16], "texture": "#0", "tintindex": false},
				"down": {"uv": [0, 0, 16, 16], "texture": "#0", "tintindex": false}
			}
		},
		{
			"from": [4, 4, 0],
			"to": [6, 6, 2],
			"faces": {
				"north": {"uv": [0, 0, 16, 16], "texture": "#0", "tintindex": false},
				"east": {"uv": [0, 0, 16, 16], "texture": "#0", "tintindex": false},
				"west": {"uv": [0, 0, 16, 16], "texture": "#0", "tintindex": false},
				"down": {"uv": [0, 0, 16, 16], "texture": "#0", "tintindex": false}
			}
		},
		{
			"from": [4, 4, 2],
			"to": [6, 6, 4],
			"faces": {
				"down": {"uv": [0, 0, 16, 16], "texture": "#0", "tintindex": false}
			}
		},
		{
			"from": [4, 4, 4],
			"to": [6, 6, 6],
			"faces": {
				"up": {"uv": [0, 0, 16, 16], "texture": "#0", "tintindex": false},
				"down": {"uv": [0, 0, 16, 16], "texture": "#0", "tintindex": false}
			}
		},
		{
			"from": [4, 4, 6],
			"to": [6, 6, 8],
			"faces": {
				"up": {"uv": [0, 0, 16, 16], "texture": "#0", "tintindex": false},
				"down": {"uv": [0, 0, 16, 16], "texture": "#0", "tintindex": false}
			}
		},
		{
			"from": [4, 4, 8],
			"to": [6, 6, 10],
			"faces": {
				"south": {"uv": [0, 0, 16, 16], "texture": "#0", "tintindex": false},
				"down": {"uv": [0, 0, 16, 16], "texture": "#0", "tintindex": false}
			}
		},
		{
			"from": [6, 4, 2],
			"to": [8, 6, 4],
			"faces": {
				"north": {"uv": [0, 0, 16, 16], "texture": "#0", "tintindex": false},
				"east": {"uv": [0, 0, 16, 16], "texture": "#0", "tintindex": false},
				"down": {"uv": [0, 0, 16, 16], "texture": "#0", "tintindex": false}
			}
		},
		{
			"from": [6, 4, 8],
			"to": [8, 6, 10],
			"faces": {
				"east": {"uv": [0, 0, 16, 16], "texture": "#0", "tintindex": false},
				"south": {"uv": [0, 0, 16, 16], "texture": "#0", "tintindex": false},
				"down": {"uv": [0, 0, 16, 16], "texture": "#0", "tintindex": false}
			}
		},
		{
			"from": [8, 4, 4],
			"to": [10, 6, 6],
			"faces": {
				"north": {"uv": [0, 0, 16, 16], "texture": "#0", "tintindex": false},
				"east": {"uv": [0, 0, 16, 16], "texture": "#0", "tintindex": false}
			}
		},
		{
			"from": [8, 4, 6],
			"to": [10, 6, 8],
			"faces": {
				"east": {"uv": [0, 0, 16, 16], "texture": "#0", "tintindex": false},
				"south": {"uv": [0, 0, 16, 16], "texture": "#0", "tintindex": false}
			}
		},
		{
			"from": [0, 6, 4],
			"to": [2, 8, 6],
			"faces": {
				"north": {"uv": [0, 0, 16, 16], "texture": "#0", "tintindex": false},
				"west": {"uv": [0, 0, 16, 16], "texture": "#0", "tintindex": false}
			}
		},
		{
			"from": [0, 6, 6],
			"to": [2, 8, 8],
			"faces": {
				"south": {"uv": [0, 0, 16, 16], "texture": "#0", "tintindex": false},
				"west": {"uv": [0, 0, 16, 16], "texture": "#0", "tintindex": false}
			}
		},
		{
			"from": [2, 6, 0],
			"to": [4, 8, 2],
			"faces": {
				"north": {"uv": [0, 0, 16, 16], "texture": "#0", "tintindex": false},
				"west": {"uv": [0, 0, 16, 16], "texture": "#0", "tintindex": false},
				"down": {"uv": [0, 0, 16, 16], "texture": "#0", "tintindex": false}
			}
		},
		{
			"from": [2, 6, 2],
			"to": [4, 8, 4],
			"faces": {
				"west": {"uv": [0, 0, 16, 16], "texture": "#0", "tintindex": false}
			}
		},
		{
			"from": [2, 6, 4],
			"to": [4, 8, 6],
			"faces": {
				"east": {"uv": [0, 0, 16, 16], "texture": "#0", "tintindex": false},
				"up": {"uv": [0, 0, 16, 16], "texture": "#0", "tintindex": false}
			}
		},
		{
			"from": [2, 6, 6],
			"to": [4, 8, 8],
			"faces": {
				"east": {"uv": [0, 0, 16, 16], "texture": "#0", "tintindex": false},
				"up": {"uv": [0, 0, 16, 16], "texture": "#0", "tintindex": false}
			}
		},
		{
			"from": [2, 6, 8],
			"to": [4, 8, 10],
			"faces": {
				"south": {"uv": [0, 0, 16, 16], "texture": "#0", "tintindex": false},
				"west": {"uv": [0, 0, 16, 16], "texture": "#0", "tintindex": false}
			}
		},
		{
			"from": [4, 6, 0],
			"to": [6, 8, 2],
			"faces": {
				"north": {"uv": [0, 0, 16, 16], "texture": "#0", "tintindex": false}
			}
		},
		{
			"from": [4, 6, 2],
			"to": [6, 8, 4],
			"faces": {
				"south": {"uv": [0, 0, 16, 16], "texture": "#0", "tintindex": false}
			}
		},
		{
			"from": [4, 6, 8],
			"to": [6, 8, 10],
			"faces": {
				"north": {"uv": [0, 0, 16, 16], "texture": "#0", "tintindex": false},
				"south": {"uv": [0, 0, 16, 16], "texture": "#0", "tintindex": false}
			}
		},
		{
			"from": [6, 6, 0],
			"to": [8, 8, 2],
			"faces": {
				"north": {"uv": [0, 0, 16, 16], "texture": "#0", "tintindex": false},
				"east": {"uv": [0, 0, 16, 16], "texture": "#0", "tintindex": false},
				"down": {"uv": [0, 0, 16, 16], "texture": "#0", "tintindex": false}
			}
		},
		{
			"from": [6, 6, 2],
			"to": [8, 8, 4],
			"faces": {
				"east": {"uv": [0, 0, 16, 16], "texture": "#0", "tintindex": false}
			}
		},
		{
			"from": [6, 6, 4],
			"to": [8, 8, 6],
			"faces": {
				"west": {"uv": [0, 0, 16, 16], "texture": "#0", "tintindex": false},
				"up": {"uv": [0, 0, 16, 16], "texture": "#0", "tintindex": false}
			}
		},
		{
			"from": [6, 6, 6],
			"to": [8, 8, 8],
			"faces": {
				"west": {"uv": [0, 0, 16, 16], "texture": "#0", "tintindex": false},
				"up": {"uv": [0, 0, 16, 16], "texture": "#0", "tintindex": false}
			}
		},
		{
			"from": [6, 6, 8],
			"to": [8, 8, 10],
			"faces": {
				"east": {"uv": [0, 0, 16, 16], "texture": "#0", "tintindex": false},
				"south": {"uv": [0, 0, 16, 16], "texture": "#0", "tintindex": false}
			}
		},
		{
			"from": [8, 6, 4],
			"to": [10, 8, 6],
			"faces": {
				"north": {"uv": [0, 0, 16, 16], "texture": "#0", "tintindex": false},
				"east": {"uv": [0, 0, 16, 16], "texture": "#0", "tintindex": false}
			}
		},
		{
			"from": [8, 6, 6],
			"to": [10, 8, 8],
			"faces": {
				"east": {"uv": [0, 0, 16, 16], "texture": "#0", "tintindex": false},
				"south": {"uv": [0, 0, 16, 16], "texture": "#0", "tintindex": false}
			}
		},
		{
			"from": [0, 8, 4],
			"to": [2, 10, 6],
			"faces": {
				"north": {"uv": [0, 0, 16, 16], "texture": "#0", "tintindex": false},
				"east": {"uv": [0, 0, 16, 16], "texture": "#0", "tintindex": false},
				"west": {"uv": [0, 0, 16, 16], "texture": "#0", "tintindex": false}
			}
		},
		{
			"from": [0, 8, 6],
			"to": [2, 10, 8],
			"faces": {
				"east": {"uv": [0, 0, 16, 16], "texture": "#0", "tintindex": false},
				"south": {"uv": [0, 0, 16, 16], "texture": "#0", "tintindex": false},
				"west": {"uv": [0, 0, 16, 16], "texture": "#0", "tintindex": false}
			}
		},
		{
			"from": [2, 8, 0],
			"to": [4, 10, 2],
			"faces": {
				"north": {"uv": [0, 0, 16, 16], "texture": "#0", "tintindex": false},
				"west": {"uv": [0, 0, 16, 16], "texture": "#0", "tintindex": false}
			}
		},
		{
			"from": [2, 8, 2],
			"to": [4, 10, 4],
			"faces": {
				"south": {"uv": [0, 0, 16, 16], "texture": "#0", "tintindex": false},
				"west": {"uv": [0, 0, 16, 16], "texture": "#0", "tintindex": false}
			}
		},
		{
			"from": [2, 8, 8],
			"to": [4, 10, 10],
			"faces": {
				"north": {"uv": [0, 0, 16, 16], "texture": "#0", "tintindex": false},
				"south": {"uv": [0, 0, 16, 16], "texture": "#0", "tintindex": false},
				"west": {"uv": [0, 0, 16, 16], "texture": "#0", "tintindex": false}
			}
		},
		{
			"from": [4, 8, 0],
			"to": [6, 10, 2],
			"faces": {
				"north": {"uv": [0, 0, 16, 16], "texture": "#0", "tintindex": false}
			}
		},
		{
			"from": [4, 8, 2],
			"to": [6, 10, 4],
			"faces": {
				"south": {"uv": [0, 0, 16, 16], "texture": "#0", "tintindex": false}
			}
		},
		{
			"from": [4, 8, 8],
			"to": [6, 10, 10],
			"faces": {
				"north": {"uv": [0, 0, 16, 16], "texture": "#0", "tintindex": false},
				"south": {"uv": [0, 0, 16, 16], "texture": "#0", "tintindex": false}
			}
		},
		{
			"from": [6, 8, 0],
			"to": [8, 10, 2],
			"faces": {
				"north": {"uv": [0, 0, 16, 16], "texture": "#0", "tintindex": false},
				"east": {"uv": [0, 0, 16, 16], "texture": "#0", "tintindex": false}
			}
		},
		{
			"from": [6, 8, 2],
			"to": [8, 10, 4],
			"faces": {
				"east": {"uv": [0, 0, 16, 16], "texture": "#0", "tintindex": false},
				"south": {"uv": [0, 0, 16, 16], "texture": "#0", "tintindex": false}
			}
		},
		{
			"from": [6, 8, 8],
			"to": [8, 10, 10],
			"faces": {
				"north": {"uv": [0, 0, 16, 16], "texture": "#0", "tintindex": false},
				"east": {"uv": [0, 0, 16, 16], "texture": "#0", "tintindex": false},
				"south": {"uv": [0, 0, 16, 16], "texture": "#0", "tintindex": false}
			}
		},
		{
			"from": [8, 8, 4],
			"to": [10, 10, 6],
			"faces": {
				"north": {"uv": [0, 0, 16, 16], "texture": "#0", "tintindex": false},
				"east": {"uv": [0, 0, 16, 16], "texture": "#0", "tintindex": false},
				"west": {"uv": [0, 0, 16, 16], "texture": "#0", "tintindex": false}
			}
		},
		{
			"from": [8, 8, 6],
			"to": [10, 10, 8],
			"faces": {
				"east": {"uv": [0, 0, 16, 16], "texture": "#0", "tintindex": false},
				"south": {"uv": [0, 0, 16, 16], "texture": "#0", "tintindex": false},
				"west": {"uv": [0, 0, 16, 16], "texture": "#0", "tintindex": false}
			}
		},
		{
			"from": [0, 10, 4],
			"to": [2, 12, 6],
			"faces": {
				"north": {"uv": [0, 0, 16, 16], "texture": "#0", "tintindex": false},
				"east": {"uv": [0, 0, 16, 16], "texture": "#0", "tintindex": false},
				"west": {"uv": [0, 0, 16, 16], "texture": "#0", "tintindex": false}
			}
		},
		{
			"from": [0, 10, 6],
			"to": [2, 12, 8],
			"faces": {
				"south": {"uv": [0, 0, 16, 16], "texture": "#0", "tintindex": false},
				"west": {"uv": [0, 0, 16, 16], "texture": "#0", "tintindex": false}
			}
		},
		{
			"from": [2, 10, 0],
			"to": [4, 12, 2],
			"faces": {
				"north": {"uv": [0, 0, 16, 16], "texture": "#0", "tintindex": false},
				"west": {"uv": [0, 0, 16, 16], "texture": "#0", "tintindex": false},
				"up": {"uv": [0, 0, 16, 16], "texture": "#0", "tintindex": false}
			}
		},
		{
			"from": [2, 10, 2],
			"to": [4, 12, 4],
			"faces": {
				"south": {"uv": [0, 0, 16, 16], "texture": "#0", "tintindex": false},
				"west": {"uv": [0, 0, 16, 16], "texture": "#0", "tintindex": false}
			}
		},
		{
			"from": [2, 10, 6],
			"to": [4, 12, 8],
			"faces": {
				"north": {"uv": [0, 0, 16, 16], "texture": "#1", "tintindex": false},
				"down": {"uv": [0, 0, 16, 16], "texture": "#1", "tintindex": false}
			}
		},
		{
			"from": [2, 10, 8],
			"to": [4, 12, 10],
			"faces": {
				"south": {"uv": [0, 0, 16, 16], "texture": "#0", "tintindex": false},
				"west": {"uv": [0, 0, 16, 16], "texture": "#0", "tintindex": false}
			}
		},
		{
			"from": [4, 10, 0],
			"to": [6, 12, 2],
			"faces": {
				"north": {"uv": [0, 0, 16, 16], "texture": "#0", "tintindex": false}
			}
		},
		{
			"from": [4, 10, 2],
			"to": [6, 12, 4],
			"faces": {
				"south": {"uv": [0, 0, 16, 16], "texture": "#0", "tintindex": false}
			}
		},
		{
			"from": [4, 10, 6],
			"to": [6, 12, 8],
			"faces": {
				"north": {"uv": [0, 0, 16, 16], "texture": "#1", "tintindex": false},
				"down": {"uv": [0, 0, 16, 16], "texture": "#1", "tintindex": false}
			}
		},
		{
			"from": [4, 10, 8],
			"to": [6, 12, 10],
			"faces": {
				"south": {"uv": [0, 0, 16, 16], "texture": "#0", "tintindex": false}
			}
		},
		{
			"from": [6, 10, 0],
			"to": [8, 12, 2],
			"faces": {
				"north": {"uv": [0, 0, 16, 16], "texture": "#0", "tintindex": false},
				"east": {"uv": [0, 0, 16, 16], "texture": "#0", "tintindex": false},
				"up": {"uv": [0, 0, 16, 16], "texture": "#0", "tintindex": false}
			}
		},
		{
			"from": [6, 10, 2],
			"to": [8, 12, 4],
			"faces": {
				"east": {"uv": [0, 0, 16, 16], "texture": "#0", "tintindex": false},
				"south": {"uv": [0, 0, 16, 16], "texture": "#0", "tintindex": false}
			}
		},
		{
			"from": [6, 10, 6],
			"to": [8, 12, 8],
			"faces": {
				"north": {"uv": [0, 0, 16, 16], "texture": "#1", "tintindex": false},
				"down": {"uv": [0, 0, 16, 16], "texture": "#1", "tintindex": false}
			}
		},
		{
			"from": [6, 10, 8],
			"to": [8, 12, 10],
			"faces": {
				"east": {"uv": [0, 0, 16, 16], "texture": "#0", "tintindex": false},
				"south": {"uv": [0, 0, 16, 16], "texture": "#0", "tintindex": false}
			}
		},
		{
			"from": [8, 10, 4],
			"to": [10, 12, 6],
			"faces": {
				"north": {"uv": [0, 0, 16, 16], "texture": "#0", "tintindex": false},
				"east": {"uv": [0, 0, 16, 16], "texture": "#0", "tintindex": false},
				"west": {"uv": [0, 0, 16, 16], "texture": "#0", "tintindex": false}
			}
		},
		{
			"from": [8, 10, 6],
			"to": [10, 12, 8],
			"faces": {
				"east": {"uv": [0, 0, 16, 16], "texture": "#0", "tintindex": false},
				"south": {"uv": [0, 0, 16, 16], "texture": "#0", "tintindex": false}
			}
		},
		{
			"from": [0, 12, 4],
			"to": [2, 14, 6],
			"faces": {
				"north": {"uv": [0, 0, 16, 16], "texture": "#0", "tintindex": false},
				"east": {"uv": [0, 0, 16, 16], "texture": "#0", "tintindex": false},
				"west": {"uv": [0, 0, 16, 16], "texture": "#0", "tintindex": false},
				"up": {"uv": [0, 0, 16, 16], "texture": "#0", "tintindex": false}
			}
		},
		{
			"from": [0, 12, 6],
			"to": [2, 14, 8],
			"faces": {
				"south": {"uv": [0, 0, 16, 16], "texture": "#0", "tintindex": false},
				"west": {"uv": [0, 0, 16, 16], "texture": "#0", "tintindex": false},
				"up": {"uv": [0, 0, 16, 16], "texture": "#0", "tintindex": false}
			}
		},
		{
			"from": [2, 12, 2],
			"to": [4, 14, 4],
			"faces": {
				"north": {"uv": [0, 0, 16, 16], "texture": "#0", "tintindex": false},
				"south": {"uv": [0, 0, 16, 16], "texture": "#0", "tintindex": false},
				"west": {"uv": [0, 0, 16, 16], "texture": "#0", "tintindex": false},
				"up": {"uv": [0, 0, 16, 16], "texture": "#0", "tintindex": false}
			}
		},
		{
			"from": [2, 12, 6],
			"to": [4, 14, 8],
			"faces": {
				"north": {"uv": [0, 0, 16, 16], "texture": "#1", "tintindex": false}
			}
		},
		{
			"from": [2, 12, 8],
			"to": [4, 14, 10],
			"faces": {
				"south": {"uv": [0, 0, 16, 16], "texture": "#0", "tintindex": false},
				"west": {"uv": [0, 0, 16, 16], "texture": "#0", "tintindex": false},
				"up": {"uv": [0, 0, 16, 16], "texture": "#0", "tintindex": false}
			}
		},
		{
			"from": [4, 12, 0],
			"to": [6, 14, 2],
			"faces": {
				"north": {"uv": [0, 0, 16, 16], "texture": "#0", "tintindex": false},
				"east": {"uv": [0, 0, 16, 16], "texture": "#0", "tintindex": false},
				"west": {"uv": [0, 0, 16, 16], "texture": "#0", "tintindex": false},
				"up": {"uv": [0, 0, 16, 16], "texture": "#0", "tintindex": false}
			}
		},
		{
			"from": [4, 12, 2],
			"to": [6, 14, 4],
			"faces": {
				"south": {"uv": [0, 0, 16, 16], "texture": "#0", "tintindex": false},
				"up": {"uv": [0, 0, 16, 16], "texture": "#0", "tintindex": false}
			}
		},
		{
			"from": [4, 12, 6],
			"to": [6, 14, 8],
			"faces": {
				"north": {"uv": [0, 0, 16, 16], "texture": "#1", "tintindex": false}
			}
		},
		{
			"from": [4, 12, 8],
			"to": [6, 14, 10],
			"faces": {
				"south": {"uv": [0, 0, 16, 16], "texture": "#0", "tintindex": false},
				"up": {"uv": [0, 0, 16, 16], "texture": "#0", "tintindex": false}
			}
		},
		{
			"from": [6, 12, 2],
			"to": [8, 14, 4],
			"faces": {
				"north": {"uv": [0, 0, 16, 16], "texture": "#0", "tintindex": false},
				"east": {"uv": [0, 0, 16, 16], "texture": "#0", "tintindex": false},
				"south": {"uv": [0, 0, 16, 16], "texture": "#0", "tintindex": false},
				"up": {"uv": [0, 0, 16, 16], "texture": "#0", "tintindex": false}
			}
		},
		{
			"from": [6, 12, 6],
			"to": [8, 14, 8],
			"faces": {
				"north": {"uv": [0, 0, 16, 16], "texture": "#1", "tintindex": false}
			}
		},
		{
			"from": [6, 12, 8],
			"to": [8, 14, 10],
			"faces": {
				"east": {"uv": [0, 0, 16, 16], "texture": "#0", "tintindex": false},
				"south": {"uv": [0, 0, 16, 16], "texture": "#0", "tintindex": false},
				"up": {"uv": [0, 0, 16, 16], "texture": "#0", "tintindex": false}
			}
		},
		{
			"from": [8, 12, 4],
			"to": [10, 14, 6],
			"faces": {
				"north": {"uv": [0, 0, 16, 16], "texture": "#0", "tintindex": false},
				"east": {"uv": [0, 0, 16, 16], "texture": "#0", "tintindex": false},
				"west": {"uv": [0, 0, 16, 16], "texture": "#0", "tintindex": false},
				"up": {"uv": [0, 0, 16, 16], "texture": "#0", "tintindex": false}
			}
		},
		{
			"from": [8, 12, 6],
			"to": [10, 14, 8],
			"faces": {
				"east": {"uv": [0, 0, 16, 16], "texture": "#0", "tintindex": false},
				"south": {"uv": [0, 0, 16, 16], "texture": "#0", "tintindex": false},
				"up": {"uv": [0, 0, 16, 16], "texture": "#0", "tintindex": false}
			}
		},
		{
			"from": [2, 14, 4],
			"to": [4, 16, 6],
			"faces": {
				"north": {"uv": [0, 0, 16, 16], "texture": "#0", "tintindex": false},
				"west": {"uv": [0, 0, 16, 16], "texture": "#0", "tintindex": false},
				"up": {"uv": [0, 0, 16, 16], "texture": "#0", "tintindex": false},
				"down": {"uv": [0, 0, 16, 16], "texture": "#0", "tintindex": false}
			}
		},
		{
			"from": [2, 14, 6],
			"to": [4, 16, 8],
			"faces": {
				"south": {"uv": [0, 0, 16, 16], "texture": "#0", "tintindex": false},
				"west": {"uv": [0, 0, 16, 16], "texture": "#0", "tintindex": false},
				"up": {"uv": [0, 0, 16, 16], "texture": "#0", "tintindex": false}
			}
		},
		{
			"from": [4, 14, 4],
			"to": [6, 16, 6],
			"faces": {
				"north": {"uv": [0, 0, 16, 16], "texture": "#0", "tintindex": false},
				"up": {"uv": [0, 0, 16, 16], "texture": "#0", "tintindex": false},
				"down": {"uv": [0, 0, 16, 16], "texture": "#0", "tintindex": false}
			}
		},
		{
			"from": [4, 14, 6],
			"to": [6, 16, 8],
			"faces": {
				"south": {"uv": [0, 0, 16, 16], "texture": "#0", "tintindex": false},
				"up": {"uv": [0, 0, 16, 16], "texture": "#0", "tintindex": false}
			}
		},
		{
			"from": [6, 14, 4],
			"to": [8, 16, 6],
			"faces": {
				"north": {"uv": [0, 0, 16, 16], "texture": "#0", "tintindex": false},
				"east": {"uv": [0, 0, 16, 16], "texture": "#0", "tintindex": false},
				"up": {"uv": [0, 0, 16, 16], "texture": "#0", "tintindex": false},
				"down": {"uv": [0, 0, 16, 16], "texture": "#0", "tintindex": false}
			}
		},
		{
			"from": [6, 14, 6],
			"to": [8, 16, 8],
			"faces": {
				"east": {"uv": [0, 0, 16, 16], "texture": "#0", "tintindex": false},
				"south": {"uv": [0, 0, 16, 16], "texture": "#0", "tintindex": false},
				"up": {"uv": [0, 0, 16, 16], "texture": "#0", "tintindex": false}
			}
		},
		{
			"from": [2, 11, 10],
			"to": [4, 12, 12],
			"faces": {
				"east": {"uv": [0, 0, 16, 8], "texture": "#1", "tintindex": false},
				"south": {"uv": [0, 0, 16, 8], "texture": "#1", "tintindex": false},
				"west": {"uv": [0, 0, 16, 8], "texture": "#1", "tintindex": false},
				"up": {"uv": [0, 0, 16, 16], "texture": "#1", "tintindex": false},
				"down": {"uv": [0, 0, 16, 16], "texture": "#1", "tintindex": false}
			}
		},
		{
			"from": [3, 10, 10],
			"to": [4, 11, 11],
			"faces": {
				"east": {"uv": [8, 8, 16, 16], "texture": "#1", "tintindex": false},
				"south": {"uv": [8, 8, 16, 16], "texture": "#1", "tintindex": false},
				"west": {"uv": [0, 8, 8, 16], "texture": "#1", "tintindex": false},
				"down": {"uv": [8, 8, 16, 16], "texture": "#1", "tintindex": false}
			}
		},
		{
			"from": [4, 11, 10],
			"to": [6, 12, 12],
			"faces": {
				"east": {"uv": [0, 0, 16, 8], "texture": "#1", "tintindex": false},
				"south": {"uv": [0, 0, 16, 8], "texture": "#1", "tintindex": false},
				"west": {"uv": [0, 0, 16, 8], "texture": "#1", "tintindex": false},
				"up": {"uv": [0, 0, 16, 16], "texture": "#1", "tintindex": false},
				"down": {"uv": [0, 0, 16, 16], "texture": "#1", "tintindex": false}
			}
		},
		{
			"from": [4, 10, 10],
			"to": [6, 11, 11],
			"faces": {
				"east": {"uv": [8, 8, 16, 16], "texture": "#1", "tintindex": false},
				"south": {"uv": [0, 8, 16, 16], "texture": "#1", "tintindex": false},
				"west": {"uv": [0, 8, 8, 16], "texture": "#1", "tintindex": false},
				"down": {"uv": [0, 8, 16, 16], "texture": "#1", "tintindex": false}
			}
		},
		{
			"from": [6, 11, 10],
			"to": [8, 12, 12],
			"faces": {
				"east": {"uv": [0, 0, 16, 8], "texture": "#1", "tintindex": false},
				"south": {"uv": [0, 0, 16, 8], "texture": "#1", "tintindex": false},
				"west": {"uv": [0, 0, 16, 8], "texture": "#1", "tintindex": false},
				"up": {"uv": [0, 0, 16, 16], "texture": "#1", "tintindex": false},
				"down": {"uv": [0, 0, 16, 16], "texture": "#1", "tintindex": false}
			}
		},
		{
			"from": [6, 10, 10],
			"to": [7, 11, 11],
			"faces": {
				"east": {"uv": [8, 8, 16, 16], "texture": "#1", "tintindex": false},
				"south": {"uv": [0, 8, 8, 16], "texture": "#1", "tintindex": false},
				"west": {"uv": [0, 8, 8, 16], "texture": "#1", "tintindex": false},
				"down": {"uv": [0, 8, 8, 16], "texture": "#1", "tintindex": false}
			}
		},
		{
			"from": [2, 12, 10],
			"to": [4, 13, 12],
			"faces": {
				"east": {"uv": [0, 8, 16, 16], "texture": "#1", "tintindex": false},
				"south": {"uv": [0, 8, 16, 16], "texture": "#1", "tintindex": false},
				"west": {"uv": [0, 8, 16, 16], "texture": "#1", "tintindex": false},
				"up": {"uv": [0, 0, 16, 16], "texture": "#1", "tintindex": false},
				"down": {"uv": [0, 0, 16, 16], "texture": "#1", "tintindex": false}
			}
		},
		{
			"from": [3, 13, 10],
			"to": [4, 14, 11],
			"faces": {
				"east": {"uv": [8, 0, 16, 8], "texture": "#1", "tintindex": false},
				"south": {"uv": [8, 0, 16, 8], "texture": "#1", "tintindex": false},
				"west": {"uv": [0, 0, 8, 8], "texture": "#1", "tintindex": false},
				"up": {"uv": [8, 0, 16, 8], "texture": "#1", "tintindex": false}
			}
		},
		{
			"from": [4, 12, 10],
			"to": [6, 13, 12],
			"faces": {
				"east": {"uv": [0, 8, 16, 16], "texture": "#1", "tintindex": false},
				"south": {"uv": [0, 8, 16, 16], "texture": "#1", "tintindex": false},
				"west": {"uv": [0, 8, 16, 16], "texture": "#1", "tintindex": false},
				"up": {"uv": [0, 0, 16, 16], "texture": "#1", "tintindex": false},
				"down": {"uv": [0, 0, 16, 16], "texture": "#1", "tintindex": false}
			}
		},
		{
			"from": [4, 13, 10],
			"to": [6, 14, 11],
			"faces": {
				"east": {"uv": [8, 0, 16, 8], "texture": "#1", "tintindex": false},
				"south": {"uv": [0, 0, 16, 8], "texture": "#1", "tintindex": false},
				"west": {"uv": [0, 0, 8, 8], "texture": "#1", "tintindex": false},
				"up": {"uv": [0, 0, 16, 8], "texture": "#1", "tintindex": false}
			}
		},
		{
			"from": [6, 12, 10],
			"to": [8, 13, 12],
			"faces": {
				"east": {"uv": [0, 8, 16, 16], "texture": "#1", "tintindex": false},
				"south": {"uv": [0, 8, 16, 16], "texture": "#1", "tintindex": false},
				"west": {"uv": [0, 8, 16, 16], "texture": "#1", "tintindex": false},
				"up": {"uv": [0, 0, 16, 16], "texture": "#1", "tintindex": false},
				"down": {"uv": [0, 0, 16, 16], "texture": "#1", "tintindex": false}
			}
		},
		{
			"from": [6, 13, 10],
			"to": [7, 14, 11],
			"faces": {
				"east": {"uv": [8, 0, 16, 8], "texture": "#1", "tintindex": false},
				"south": {"uv": [0, 0, 8, 8], "texture": "#1", "tintindex": false},
				"west": {"uv": [0, 0, 8, 8], "texture": "#1", "tintindex": false},
				"up": {"uv": [0, 0, 8, 8], "texture": "#1", "tintindex": false}
			}
		}
	],
	"display": {
		"head": {
			"rotation": [0, -180, 0],
			"translation": [-12, -15, -8.25],
			"scale": [4, 4, 4]
		}
	}
}