{
	"credit": "Made with Blockbench",
	"elements": [
		{
			"from": [9, 0.75, 8],
			"to": [10, 1.75, 9],
			"color": 0,
			"faces": {
				"north": {"uv": [0, 0, 1, 1], "texture": "#missing"},
				"east": {"uv": [0, 0, 1, 1], "texture": "#missing"},
				"south": {"uv": [0, 0, 1, 1], "texture": "#missing"},
				"west": {"uv": [0, 0, 1, 1], "texture": "#missing"},
				"up": {"uv": [0, 0, 1, 1], "texture": "#missing"},
				"down": {"uv": [0, 0, 1, 1], "texture": "#missing"}
			}
		},
		{
			"from": [9, 1.75, 8],
			"to": [10, 2.75, 9],
			"color": 0,
			"faces": {
				"north": {"uv": [0, 0, 1, 1], "texture": "#missing"},
				"east": {"uv": [0, 0, 1, 1], "texture": "#missing"},
				"south": {"uv": [0, 0, 1, 1], "texture": "#missing"},
				"west": {"uv": [0, 0, 1, 1], "texture": "#missing"},
				"up": {"uv": [0, 0, 1, 1], "texture": "#missing"},
				"down": {"uv": [0, 0, 1, 1], "texture": "#missing"}
			}
		},
		{
			"from": [9, 2, 9],
			"to": [10, 12, 10],
			"color": 0,
			"faces": {
				"north": {"uv": [0, 0, 1, 10], "texture": "#missing"},
				"east": {"uv": [0, 0, 1, 10], "texture": "#missing"},
				"south": {"uv": [0, 0, 1, 10], "texture": "#missing"},
				"west": {"uv": [0, 0, 1, 10], "texture": "#missing"},
				"up": {"uv": [0, 0, 1, 1], "texture": "#missing"},
				"down": {"uv": [0, 0, 1, 1], "texture": "#missing"}
			}
		},
		{
			"from": [9, 12, 9],
			"to": [12, 13, 11],
			"color": 5,
			"faces": {
				"north": {"uv": [0, 0, 3, 1], "texture": "#missing"},
				"east": {"uv": [0, 0, 2, 1], "texture": "#missing"},
				"south": {"uv": [0, 0, 3, 1], "texture": "#missing"},
				"west": {"uv": [0, 0, 2, 1], "texture": "#missing"},
				"up": {"uv": [0, 0, 3, 2], "texture": "#missing"},
				"down": {"uv": [0, 0, 3, 2], "texture": "#missing"}
			}
		}
	],
	"groups": [
		{
			"name": "group",
			"origin": [8, 8, 8],
			"color": 0,
			"children": [0, 1, 2, 3]
		}
	]
}