{
    "type": "minecraft:entity",
    "pools": [
      {
        "rolls": 2,
        "entries": [
          {
            "type": "minecraft:item",
            "weight": 5,
            "name": "minecraft:totem_of_undying",
            "functions": [
                {
                  "function": "minecraft:set_count",
                  "count": {
                      "max": 1,
                      "min": 1
                  }
                }
              ]
          },
          {
            "type": "minecraft:item",
            "weight": 10,
            "name": "minecraft:book",
            "functions": [
                {
                    "function": "minecraft:enchant_with_levels",
                    "levels": {
                        "max": 39,
                        "min": 1
                    },
                    "treasure": true
                }
            ]
          }
        ]
      }
    ]
  }
  