{
  "pools": [
    {
      "rolls": 1,
      "entries": [
        {
          "type": "minecraft:item",
          "name": "minecraft:barrier",
          "functions": [
            {
              "function": "minecraft:set_attributes",
              "modifiers": [
                {
                  "attribute": "minecraft:generic.max_health",
                  "name": "random1",
                  "amount": {
                    "min": 0.00000001,
                    "max": 3.99999999
                  },
                  "operation": "addition",
                  "slot": "mainhand"
                }
              ]
            }
          ]
        }
      ]
    }
  ]
}