{
    "type": "minecraft:entity",
    "pools": [
      {
        "rolls": 1.0,
        "bonus_rolls": 0.0,
        "entries": [
          {
            "type": "minecraft:loot_table",
            "name": "qiq2i_clga1:item_sp/exp/type_1",
            "functions": [
                {
                    "function": "minecraft:set_count",
                    "count": {
                        "max": 4,
                        "min": 1
                    }
                }
            ]
         }
        ],
        "conditions": [
          {
            "condition": "minecraft:killed_by_player"
          }
        ]
      },
      {
        "rolls": 5,
        "entries": [
          {
            "type": "minecraft:item",
            "weight": 10,
            "name": "minecraft:totem_of_undying",
            "functions": [
                {
                  "function": "minecraft:set_count",
                  "count": {
                      "max": 2,
                      "min": 1
                  }
                }
              ]
          },
          {
            "type": "minecraft:item",
            "weight": 3,
            "name": "minecraft:book",
            "functions": [
                {
                    "function": "minecraft:enchant_with_levels",
                    "levels": {
                        "max": 39,
                        "min": 20
                    },
                    "treasure": true
                }
            ]
          },
          {
            "type": "minecraft:item",
            "weight": 10,
            "name": "minecraft:diamond",
            "functions": [
                {
                  "function": "minecraft:set_count",
                  "count": {
                      "max": 2,
                      "min": 1
                  }
                }
              ]
          }
        ],
        "conditions": [
          {
            "condition": "minecraft:killed_by_player"
          }
        ]
      }
    ]
  }
  