{
    "type": "minecraft:entity",
    "pools": [
      {
        "rolls": 1,
        "entries": [
          {
            "type": "minecraft:item",
            "name": "minecraft:totem_of_undying",
            "functions": [
                {
                    "function": "minecraft:set_nbt",
                    "tag": "{CustomModelData:2002022,qiq2i_clga1_totem_of_undying:2,qiq2i_clga1_item_sp:1,display:{Name:'{\"text\":\"§e抗性不死图腾\"}'},HideFlags:63}"
                },
                {
                  "function": "minecraft:set_count",
                  "count": 1
                }
              ]
          }
        ]
      }
    ]
  }
  