{
    "type": "minecraft:entity",
    "pools": [
      {
        "rolls": 1,
        "entries": [
          {
            "type": "minecraft:item",
            "name": "minecraft:bat_spawn_egg",
            "functions": [
                {
                    "function": "minecraft:set_nbt",
                    "tag": "{EntityTag:{id:\"minecraft:marker\",Tags:[\"qiq2i_clga1_rooma1.2_marker_test\"]},qiq2i_clga1_buff_item_room.type:2}"
                },
                {
                  "function": "minecraft:set_count",
                  "count": 1
                }
              ]
          }
        ]
      }
    ]
  }
  