{
    "type": "minecraft:entity",
    "pools": [
      {
        "rolls": 16.0,
        "bonus_rolls": 0.0,
        "entries": [
          {
            "type": "minecraft:loot_table",
            "name": "minecraft:entities/guardian"
          }
        ]
      },
      {
        "rolls": 1.0,
        "bonus_rolls": 0.0,
        "entries": [
          {
            "type": "minecraft:loot_table",
            "name": "qiq2i_clga1:item_sp/exp/type_1",
            "functions": [
              {
                "function": "set_count",
                "count": {
                  "min": 1,
                  "max": 3
                }
              }
            ]
          }
        ]
      }
    ]
  }