{
    "type": "minecraft:empty",
    "pools": [
      {
        "rolls": 1,
        "entries": [
          {
            "type": "minecraft:item",
            "name": "minecraft:knowledge_book",
            "functions": [
              {
                "function": "minecraft:set_components",
                "components": {
                  "minecraft:recipes": [
                    "qiq2i_items:cheats/kill_mace_wind"
                  ],
                  "item_name": "{\"text\":\"秘籍——重锤风暴\"}"
                }
              },
              {
                "function": "minecraft:set_lore",
                "lore": [
                  {
                    "text": "使用重锤击杀怪物时，会获得一个风弹。",
                    "color": "yellow"
                  },
                  {
                    "text": ""
                  },
                  {
                    "text": "第二轮后，需要额外花费铁粒换取。",
                    "color": "yellow"
                  }
                ],
                "mode": "replace_all"
              }
            ]
          }
        ]
      }
    ]
  }
  