{
  "parent": "qiq2i_clga1:sp_pillager/root",
  "display": {
    "icon": {
      "item": "minecraft:tnt"
    },
    "title": {
      "text": "移动炸弹"
    },
    "description": {
      "text": "§e击杀一只自爆兵卫道士"
    },
    "frame": "task",
    "show_toast": true,
    "announce_to_chat": true,
    "hidden": false
  },
  "rewards": {
    "function": "qiq2i_clga1:player_attribute/task"
  },
  "criteria": {
    "killed_dragon": {
      "trigger": "minecraft:player_killed_entity",
      "conditions": {
        "entity": [
          {
            "condition": "minecraft:entity_properties",
            "predicate": {
              "type": "minecraft:vindicator",
              "nbt": "{Tags:[\"qiq2i_clga1_sp_pillagera2_Mobs1\"]}"
            },
            "entity": "this"
          }
        ]
      }
    }
  },
  "requirements": [
    [
      "killed_dragon"
    ]
  ]
}