{
  "parent": "qiq2i_clga1:sp_pillager/sp_pillagera5",
  "display": {
    "icon": {
      "item": "minecraft:black_stained_glass",
      "nbt": "{Enchantments:[{id:\"minecraft:unbreaking\",lvl:1}]}"
    },
    "title": {
      "text": "废墟中的决战"
    },
    "description": {
      "text": "§e击杀一只劫掠首领"
    },
    "frame": "challenge",
    "show_toast": true,
    "announce_to_chat": true,
    "hidden": false
  },
  "rewards": {
    "function": "qiq2i_clga1:player_attribute/challenge"
  },
  "criteria": {
    "killed_dragon": {
      "trigger": "minecraft:player_killed_entity",
      "conditions": {
        "entity": [
          {
            "condition": "minecraft:entity_properties",
            "predicate": {
              "nbt": "{Tags:[\"qiq2i_clga1_sp_pillagera5_Mobs2\"]}"
            },
            "entity": "this"
          }
        ]
      }
    }
  },
  "requirements": [
    [
      "killed_dragon"
    ]
  ]
}