{
    "parent": "minecraft:item/handheld_rod",
    "textures": {
      "layer0": "minecraft:item/carrot_on_a_stick"
    },
    "overrides": [
      {
        "predicate": {"custom_model_data": 2002021},
        "model": "qiq2i_clga1:text/text"
      },
      {
        "predicate": {"custom_model_data": 2002022},
        "model": "qiq2i_clga1:text/text2"
      },
      {
        "predicate": {"custom_model_data": 2002023},
        "model": "qiq2i_clga1:clga1/rooma1_1"
      },
      {
        "predicate": {"custom_model_data": 2002024},
        "model": "qiq2i_clga1:clga1/rooma1_1"
      },
      {
        "predicate": {"custom_model_data": 2002025},
        "model": "qiq2i_clga1:clga1/rooma1_2"
      },
      {
        "predicate": {"custom_model_data": 2002026},
        "model": "qiq2i_clga1:clga1/rooma1_3"
      },
      {
        "predicate": {"custom_model_data": 2002027},
        "model": "qiq2i_clga1:clga1/armor/1"
      },
      {
        "predicate": {"custom_model_data": 2002028},
        "model": "qiq2i_clga1:clga1/axe/1"
      },
      {
        "predicate": {"custom_model_data": 2002029},
        "model": "qiq2i_clga1:clga1/axe/2"
      },
      {
        "predicate": {"custom_model_data": 2002030},
        "model": "qiq2i_clga1:clga1/roditem/sp_pillagera7_item"
      },
      {
        "predicate": {"custom_model_data": 2002031},
        "model": "qiq2i_clga1:clga1/roditem/time_bundle.1"
      }
    ]
  }