{
    "ultrawarm": false,
    "natural": false,
    "coordinate_scale": 10000,
    "has_skylight": false,
    "has_ceiling": false,
    "ambient_light": 0.5,
    "fixed_time": 18000,
    "piglin_safe": false,
    "bed_works":  false,
    "respawn_anchor_works": false,
    "has_raids": false,
    "logical_height": 96,
    "min_y": 0,
    "height": 384,
    "infiniburn": "#minecraft:infiniburn_overworld",
    "effects": "minecraft:the_end",
    "monster_spawn_block_light_limit": 0,
    "monster_spawn_light_level": 0
}