{
  "description": "点石成钻",
  "supported_items": "#minecraft:pickaxes",
  "weight": 20,
  "max_level": 1,
  "min_cost": {
    "base": 0,
    "per_level_above_first": 0
  },
  "max_cost": {
    "base": 39,
    "per_level_above_first": 0
  },
  "anvil_cost": 0,
  "slots": [
    "mainhand"
  ],
  "effects": {
    "minecraft:hit_block": [
      {
        "effect": {
          "type": "minecraft:damage_item",
          "amount": 200
        },
        "requirements": {
          "condition": "minecraft:location_check",
          "predicate": {
            "block": {
              "blocks": "minecraft:stone"
            }
          }
        }
      },
      {
        "effect": {
          "type": "minecraft:replace_block",
          "block_state": {
            "type": "minecraft:simple_state_provider",
            "state": {
              "Name": "minecraft:diamond_ore"
            }
          },
          "predicate": {
            "type": "minecraft:matching_blocks",
            "blocks": "minecraft:stone"
          },
          "offset": [
            0,
            0,
            0
          ]
        }
      }
    ]
  }
}
