{
    "type": "minecraft:entity",
    "pools": [
      {
        "rolls": 1.0,
        "bonus_rolls": 0.0,
        "entries": [
          {
            "type": "minecraft:loot_table",
            "name": "qiq2i_clga1:sp_pillagera_mob1",
            "functions": [
                {
                    "function": "minecraft:set_count",
                    "count": {
                        "max": 4,
                        "min": 1
                    }
                }
            ]
         }
        ]
      },
      {
        "rolls": 1,
        "entries": [
          
            {
            "type": "minecraft:item",
            "name": "minecraft:tnt",
            "weight": 20,
            "functions": [
              {
                  "function": "set_nbt",
                  "tag": "{qiq2i_clga1_sp_pillagera2_Mobs1:1}"
              }
            ]
            }
        ]
      }
    ]
  }