{
    "type": "minecraft:entity",
    "pools": [
      {
        "rolls": 3,
        "entries": [
          {
            "type": "minecraft:item",
            "weight": 10,
            "name": "minecraft:netherite_scrap",
            "functions": [
                {
                  "function": "minecraft:set_count",
                  "count": {
                      "max": 4,
                      "min": 2
                  }
                },
                {
                  "function": "minecraft:looting_enchant",
                  "count": {
                    "max": 2,
                    "min": 1
                  }
                }
              ]
          },
          {
            "type": "minecraft:item",
            "weight": 10,
            "name": "minecraft:gold_ingot",
            "functions": [
              {
                "function": "minecraft:set_count",
                "count": {
                    "max": 20,
                    "min": 10
                }
              },
              {
                "function": "minecraft:looting_enchant",
                "count": {
                  "max": 6,
                  "min": 3
                }
              }
            ]
          },
          {
            "type": "minecraft:item",
            "weight": 10,
            "name": "minecraft:gold_nugget",
            "functions": [
              {
                "function": "minecraft:set_count",
                "count": {
                    "max": 40,
                    "min": 20
                }
              },
              {
                "function": "minecraft:looting_enchant",
                "count": {
                  "max": 12,
                  "min": 3
                }
              }
            ]
          }
        ]
      }
    ]
  }
  