{
  "parent": "minecraft:item/generated",
  "textures": {
    "layer0": "minecraft:item/dried_kelp"
  },
  "overrides": [
    {
      "predicate": {"custom_model_data": 2002021},
      "model": "qiq2i_clga1:clga1/exp/exp1"
    },
    {
      "predicate": {"custom_model_data": 2002022},
      "model": "qiq2i_clga1:clga1/exp/exp2"
    },
    {
      "predicate": {"custom_model_data": 2002023},
      "model": "qiq2i_clga1:clga1/exp/exp3"
    },
    {
      "predicate": {"custom_model_data": 2002024},
      "model": "qiq2i_clga1:clga1/exp/exp4"
    },
    {
      "predicate": {"custom_model_data": 2002025},
      "model": "qiq2i_clga1:clga1/exp/exp5"
    }
  ]
}