{
  "parent": "minecraft:item/generated",
  "textures": {
    "layer0": "minecraft:item/mushroom_stew"
  },
  "overrides": [
    {
      "predicate": {"custom_model_data": 200221},
      "model": "qiq2i_clga1:clga1/spicy_crayfish_1"
    },
    {
      "predicate": {"custom_model_data": 200222},
      "model": "qiq2i_clga1:clga1/stew_1"
    },
    {
      "predicate": {"custom_model_data": 200223},
      "model": "qiq2i_clga1:clga1/stew_2"
    },
    {
      "predicate": {"custom_model_data": 200224},
      "model": "qiq2i_clga1:clga1/stew_3"
    },
    {
      "predicate": {"custom_model_data": 200225},
      "model": "qiq2i_clga1:clga1/stew_4"
    },
    {
      "predicate": {"custom_model_data": 200226},
      "model": "qiq2i_clga1:clga1/stew_5"
    },
    {
      "predicate": {"custom_model_data": 200227},
      "model": "qiq2i_clga1:clga1/stew_6"
    },
    {
      "predicate": {"custom_model_data": 200228},
      "model": "qiq2i_clga1:clga1/stew_7"
    },
    {
      "predicate": {"custom_model_data": 200229},
      "model": "qiq2i_clga1:clga1/stew_8"
    },
    {
      "predicate": {"custom_model_data": 200230},
      "model": "qiq2i_clga1:clga1/stew_9"
    },
    {
      "predicate": {"custom_model_data": 200231},
      "model": "qiq2i_clga1:clga1/stew_10"
    },
    {
      "predicate": {"custom_model_data": 200232},
      "model": "qiq2i_clga1:clga1/stew_11"
    },
    {
      "predicate": {"custom_model_data": 200233},
      "model": "qiq2i_clga1:clga1/stew_12"
    }
  ]
}