{
    "type": "minecraft:entity",
    "pools": [
      {
        "rolls": 1,
        "entries": [
          {
            "type": "minecraft:item",
            "name": "minecraft:bow",
            "functions": [
                {
                    "function": "minecraft:set_count",
                    "count": 1
                },
                {
                  "function":"minecraft:enchant_with_levels",
                  "levels": {
                    "max": 39,
                    "min": 1
                  }
                }
              ]
          }
        ]
      }
    ]
  }