{
    "type": "minecraft:entity",
    "pools": [
      {
        "rolls": 1,
        "entries": [
          {
            "type": "minecraft:item",
            "name": "minecraft:flint_and_steel",
            "functions": [
                {
                    "function": "minecraft:set_count",
                    "count": 1
                }
              ]
          }
        ]
      },
      {
        "rolls": 1,
        "entries": [
          {
            "type": "minecraft:item",
            "name": "minecraft:tnt",
            "functions": [
                {
                    "function": "minecraft:set_count",
                    "count": {
                      "max": 32,
                      "min": 16
                    }
                }
              ]
          }
        ]
      }
    ]
  }