{
    "type": "minecraft:entity",
    "pools": [
      {
        "rolls": 1,
        "entries": [
          {
            "type": "minecraft:item",
            "name": "minecraft:golden_helmet",
            "functions": [
                {
                    "function": "minecraft:set_count",
                    "count": 1
                }
              ]
          }
        ]
      },
      {
        "rolls": 1,
        "entries": [
          {
            "type": "minecraft:item",
            "name": "minecraft:golden_chestplate",
            "functions": [
                {
                    "function": "minecraft:set_count",
                    "count": 1
                }
              ]
          }
        ]
      },
      {
        "rolls": 1,
        "entries": [
          {
            "type": "minecraft:item",
            "name": "minecraft:golden_leggings",
            "functions": [
                {
                    "function": "minecraft:set_count",
                    "count": 1
                }
              ]
          }
        ]
      },
      {
        "rolls": 1,
        "entries": [
          {
            "type": "minecraft:item",
            "name": "minecraft:golden_boots",
            "functions": [
                {
                    "function": "minecraft:set_count",
                    "count": 1
                }
              ]
          }
        ]
      }
    ]
  }