{
    "type": "minecraft:entity",
    "pools": [
      {
        "rolls": 1,
        "entries": [
          {
            "type": "minecraft:item",
            "name": "minecraft:iron_helmet",
            "functions": [
                {
                    "function": "minecraft:set_count",
                    "count": 1
                }
              ]
          }
        ]
      },
      {
        "rolls": 1,
        "entries": [
          {
            "type": "minecraft:item",
            "name": "minecraft:iron_chestplate",
            "functions": [
                {
                    "function": "minecraft:set_count",
                    "count": 1
                }
              ]
          }
        ]
      },
      {
        "rolls": 1,
        "entries": [
          {
            "type": "minecraft:item",
            "name": "minecraft:iron_leggings",
            "functions": [
                {
                    "function": "minecraft:set_count",
                    "count": 1
                }
              ]
          }
        ]
      },
      {
        "rolls": 1,
        "entries": [
          {
            "type": "minecraft:item",
            "name": "minecraft:iron_boots",
            "functions": [
                {
                    "function": "minecraft:set_count",
                    "count": 1
                }
              ]
          }
        ]
      }
    ]
  }