{
    "type": "minecraft:entity",
    "pools": [
      {
        "rolls": 8,
        "entries": [
          {
            "type": "minecraft:item",
            "name": "minecraft:saddle",
            "functions": [
                {
                    "function": "minecraft:set_count",
                    "count": 1
                }
              ]
          },
          {
            "type": "minecraft:item",
            "name": "minecraft:minecart",
            "functions": [
                {
                    "function": "minecraft:set_count",
                    "count": 1
                }
              ]
          },
          {
            "type": "minecraft:item",
            "name": "minecraft:chest_minecart",
            "functions": [
                {
                    "function": "minecraft:set_count",
                    "count": 1
                }
              ]
          },
          {
            "type": "minecraft:item",
            "name": "minecraft:furnace_minecart",
            "functions": [
                {
                    "function": "minecraft:set_count",
                    "count": 1
                }
              ]
          },
          {
            "type": "minecraft:item",
            "name": "minecraft:tnt_minecart",
            "functions": [
                {
                    "function": "minecraft:set_count",
                    "count": 1
                }
              ]
          },
          {
            "type": "minecraft:item",
            "name": "minecraft:hopper_minecart",
            "functions": [
                {
                    "function": "minecraft:set_count",
                    "count": 1
                }
              ]
          },
          {
            "type": "minecraft:item",
            "name": "minecraft:oak_boat",
            "functions": [
                {
                    "function": "minecraft:set_count",
                    "count": 1
                }
              ]
          },
          {
            "type": "minecraft:item",
            "name": "minecraft:oak_chest_boat",
            "functions": [
                {
                    "function": "minecraft:set_count",
                    "count": 1
                }
              ]
          }
        ]
      }
    ]
  }