{
    "type": "minecraft:entity",
    "pools": [
      {
        "rolls": 1,
        "entries": [
          {
            "type": "minecraft:item",
            "name": "minecraft:wooden_sword",
            "functions": [
                {
                    "function": "minecraft:set_count",
                    "count": 1
                }
              ]
          },
          {
            "type": "minecraft:item",
            "name": "minecraft:stone_sword",
            "functions": [
                {
                    "function": "minecraft:set_count",
                    "count": 1
                }
              ]
          },
          {
            "type": "minecraft:item",
            "name": "minecraft:diamond_sword",
            "functions": [
                {
                    "function": "minecraft:set_count",
                    "count": 1
                }
              ]
          },
          {
            "type": "minecraft:item",
            "name": "minecraft:iron_sword",
            "functions": [
                {
                    "function": "minecraft:set_count",
                    "count": 1
                }
              ]
          },
          {
            "type": "minecraft:item",
            "name": "minecraft:bow",
            "functions": [
                {
                    "function": "minecraft:set_count",
                    "count": 1
                }
              ]
          },
          {
            "type": "minecraft:item",
            "name": "minecraft:crossbow",
            "functions": [
                {
                    "function": "minecraft:set_count",
                    "count": 1
                }
              ]
          },
          {
            "type": "minecraft:item",
            "name": "minecraft:trident",
            "functions": [
                {
                    "function": "minecraft:set_count",
                    "count": 1
                }
              ]
          }
        ]
      }
    ]
  }