{
    "type": "minecraft:entity",
    "pools": [
      {
        "rolls": 1,
        "entries": [
          {
            "type": "minecraft:item",
            "name": "minecraft:ender_pearl",
            "functions": [
                {
                    "function": "minecraft:set_count",
                    "count": {
                      "max": 12,
                      "min": 1
                    }
                }
              ]
          }
        ]
      }
    ]
  }