{
	"credit": "Made with Blockbench",
	"textures": {
		"0": "block/gold_block",
		"1": "block/diamond_block",
		"2": "block/iron_block",
		"3": "block/netherite_block",
		"4": "block/quartz_block_bottom",
		"6": "block/observer_side",
		"8": "block/observer_top",
		"10": "block/dispenser_front_vertical"
	},
	"elements": [
		{
			"from": [0, 1, 8],
			"to": [1, 2, 9],
			"faces": {
				"north": {"uv": [0, 0, 16, 16], "texture": "#0"},
				"east": {"uv": [0, 0, 16, 16], "texture": "#0"},
				"west": {"uv": [0, 0, 16, 16], "texture": "#0"},
				"down": {"uv": [0, 0, 16, 16], "texture": "#0"}
			}
		},
		{
			"from": [0, 1, 9],
			"to": [1, 2, 10],
			"faces": {
				"east": {"uv": [0, 0, 16, 16], "texture": "#0"},
				"south": {"uv": [0, 0, 16, 16], "texture": "#0"},
				"west": {"uv": [0, 0, 16, 16], "texture": "#0"},
				"down": {"uv": [0, 0, 16, 16], "texture": "#0"}
			}
		},
		{
			"from": [7, 1, 0],
			"to": [8, 2, 1],
			"faces": {
				"north": {"uv": [0, 0, 16, 16], "texture": "#1"},
				"south": {"uv": [0, 0, 16, 16], "texture": "#1"},
				"west": {"uv": [0, 0, 16, 16], "texture": "#1"},
				"down": {"uv": [0, 0, 16, 16], "texture": "#1"}
			}
		},
		{
			"from": [7, 1, 15],
			"to": [8, 2, 16],
			"faces": {
				"north": {"uv": [0, 0, 16, 16], "texture": "#2"},
				"south": {"uv": [0, 0, 16, 16], "texture": "#2"},
				"west": {"uv": [0, 0, 16, 16], "texture": "#2"},
				"down": {"uv": [0, 0, 16, 16], "texture": "#2"}
			}
		},
		{
			"from": [8, 1, 0],
			"to": [9, 2, 1],
			"faces": {
				"north": {"uv": [0, 0, 16, 16], "texture": "#1"},
				"east": {"uv": [0, 0, 16, 16], "texture": "#1"},
				"south": {"uv": [0, 0, 16, 16], "texture": "#1"},
				"down": {"uv": [0, 0, 16, 16], "texture": "#1"}
			}
		},
		{
			"from": [8, 1, 15],
			"to": [9, 2, 16],
			"faces": {
				"north": {"uv": [0, 0, 16, 16], "texture": "#2"},
				"east": {"uv": [0, 0, 16, 16], "texture": "#2"},
				"south": {"uv": [0, 0, 16, 16], "texture": "#2"},
				"down": {"uv": [0, 0, 16, 16], "texture": "#2"}
			}
		},
		{
			"from": [15, 1, 8],
			"to": [16, 2, 9],
			"faces": {
				"north": {"uv": [0, 0, 16, 16], "texture": "#3"},
				"east": {"uv": [0, 0, 16, 16], "texture": "#3"},
				"west": {"uv": [0, 0, 16, 16], "texture": "#3"},
				"down": {"uv": [0, 0, 16, 16], "texture": "#3"}
			}
		},
		{
			"from": [15, 1, 9],
			"to": [16, 2, 10],
			"faces": {
				"east": {"uv": [0, 0, 16, 16], "texture": "#3"},
				"south": {"uv": [0, 0, 16, 16], "texture": "#3"},
				"west": {"uv": [0, 0, 16, 16], "texture": "#3"},
				"down": {"uv": [0, 0, 16, 16], "texture": "#3"}
			}
		},
		{
			"from": [0, 2, 8],
			"to": [1, 3, 9],
			"faces": {
				"north": {"uv": [0, 0, 16, 16], "texture": "#0"},
				"east": {"uv": [0, 0, 16, 16], "texture": "#0"},
				"west": {"uv": [0, 0, 16, 16], "texture": "#0"},
				"up": {"uv": [0, 0, 16, 16], "texture": "#0"}
			}
		},
		{
			"from": [0, 2, 9],
			"to": [1, 3, 10],
			"faces": {
				"east": {"uv": [0, 0, 16, 16], "texture": "#0"},
				"south": {"uv": [0, 0, 16, 16], "texture": "#0"},
				"west": {"uv": [0, 0, 16, 16], "texture": "#0"},
				"up": {"uv": [0, 0, 16, 16], "texture": "#0"}
			}
		},
		{
			"from": [7, 2, 0],
			"to": [8, 3, 1],
			"faces": {
				"north": {"uv": [0, 0, 16, 16], "texture": "#1"},
				"south": {"uv": [0, 0, 16, 16], "texture": "#1"},
				"west": {"uv": [0, 0, 16, 16], "texture": "#1"},
				"up": {"uv": [0, 0, 16, 16], "texture": "#1"}
			}
		},
		{
			"from": [7, 2, 15],
			"to": [8, 3, 16],
			"faces": {
				"north": {"uv": [0, 0, 16, 16], "texture": "#2"},
				"south": {"uv": [0, 0, 16, 16], "texture": "#2"},
				"west": {"uv": [0, 0, 16, 16], "texture": "#2"},
				"up": {"uv": [0, 0, 16, 16], "texture": "#2"}
			}
		},
		{
			"from": [8, 2, 0],
			"to": [9, 3, 1],
			"faces": {
				"north": {"uv": [0, 0, 16, 16], "texture": "#1"},
				"east": {"uv": [0, 0, 16, 16], "texture": "#1"},
				"south": {"uv": [0, 0, 16, 16], "texture": "#1"},
				"up": {"uv": [0, 0, 16, 16], "texture": "#1"}
			}
		},
		{
			"from": [8, 2, 15],
			"to": [9, 3, 16],
			"faces": {
				"north": {"uv": [0, 0, 16, 16], "texture": "#2"},
				"east": {"uv": [0, 0, 16, 16], "texture": "#2"},
				"south": {"uv": [0, 0, 16, 16], "texture": "#2"},
				"up": {"uv": [0, 0, 16, 16], "texture": "#2"}
			}
		},
		{
			"from": [15, 2, 8],
			"to": [16, 3, 9],
			"faces": {
				"north": {"uv": [0, 0, 16, 16], "texture": "#3"},
				"east": {"uv": [0, 0, 16, 16], "texture": "#3"},
				"west": {"uv": [0, 0, 16, 16], "texture": "#3"},
				"up": {"uv": [0, 0, 16, 16], "texture": "#3"}
			}
		},
		{
			"from": [15, 2, 9],
			"to": [16, 3, 10],
			"faces": {
				"east": {"uv": [0, 0, 16, 16], "texture": "#3"},
				"south": {"uv": [0, 0, 16, 16], "texture": "#3"},
				"west": {"uv": [0, 0, 16, 16], "texture": "#3"},
				"up": {"uv": [0, 0, 16, 16], "texture": "#3"}
			}
		},
		{
			"from": [0, 5, 8],
			"to": [1, 6, 9],
			"faces": {
				"north": {"uv": [0, 0, 16, 16], "texture": "#0"},
				"east": {"uv": [0, 0, 16, 16], "texture": "#0"},
				"west": {"uv": [0, 0, 16, 16], "texture": "#0"},
				"down": {"uv": [0, 0, 16, 16], "texture": "#0"}
			}
		},
		{
			"from": [0, 5, 9],
			"to": [1, 6, 10],
			"faces": {
				"east": {"uv": [0, 0, 16, 16], "texture": "#0"},
				"south": {"uv": [0, 0, 16, 16], "texture": "#0"},
				"west": {"uv": [0, 0, 16, 16], "texture": "#0"},
				"down": {"uv": [0, 0, 16, 16], "texture": "#0"}
			}
		},
		{
			"from": [7, 5, 0],
			"to": [8, 6, 1],
			"faces": {
				"north": {"uv": [0, 0, 16, 16], "texture": "#1"},
				"south": {"uv": [0, 0, 16, 16], "texture": "#1"},
				"west": {"uv": [0, 0, 16, 16], "texture": "#1"},
				"down": {"uv": [0, 0, 16, 16], "texture": "#1"}
			}
		},
		{
			"from": [7, 5, 15],
			"to": [8, 6, 16],
			"faces": {
				"north": {"uv": [0, 0, 16, 16], "texture": "#2"},
				"south": {"uv": [0, 0, 16, 16], "texture": "#2"},
				"west": {"uv": [0, 0, 16, 16], "texture": "#2"},
				"down": {"uv": [0, 0, 16, 16], "texture": "#2"}
			}
		},
		{
			"from": [8, 5, 0],
			"to": [9, 6, 1],
			"faces": {
				"north": {"uv": [0, 0, 16, 16], "texture": "#1"},
				"east": {"uv": [0, 0, 16, 16], "texture": "#1"},
				"south": {"uv": [0, 0, 16, 16], "texture": "#1"},
				"down": {"uv": [0, 0, 16, 16], "texture": "#1"}
			}
		},
		{
			"from": [8, 5, 15],
			"to": [9, 6, 16],
			"faces": {
				"north": {"uv": [0, 0, 16, 16], "texture": "#2"},
				"east": {"uv": [0, 0, 16, 16], "texture": "#2"},
				"south": {"uv": [0, 0, 16, 16], "texture": "#2"},
				"down": {"uv": [0, 0, 16, 16], "texture": "#2"}
			}
		},
		{
			"from": [15, 5, 8],
			"to": [16, 6, 9],
			"faces": {
				"north": {"uv": [0, 0, 16, 16], "texture": "#3"},
				"east": {"uv": [0, 0, 16, 16], "texture": "#3"},
				"west": {"uv": [0, 0, 16, 16], "texture": "#3"},
				"down": {"uv": [0, 0, 16, 16], "texture": "#3"}
			}
		},
		{
			"from": [15, 5, 9],
			"to": [16, 6, 10],
			"faces": {
				"east": {"uv": [0, 0, 16, 16], "texture": "#3"},
				"south": {"uv": [0, 0, 16, 16], "texture": "#3"},
				"west": {"uv": [0, 0, 16, 16], "texture": "#3"},
				"down": {"uv": [0, 0, 16, 16], "texture": "#3"}
			}
		},
		{
			"from": [0, 6, 8],
			"to": [1, 7, 9],
			"faces": {
				"north": {"uv": [0, 0, 16, 16], "texture": "#0"},
				"west": {"uv": [0, 0, 16, 16], "texture": "#0"}
			}
		},
		{
			"from": [0, 6, 9],
			"to": [1, 7, 10],
			"faces": {
				"south": {"uv": [0, 0, 16, 16], "texture": "#0"},
				"west": {"uv": [0, 0, 16, 16], "texture": "#0"}
			}
		},
		{
			"from": [1, 6, 8],
			"to": [2, 7, 9],
			"faces": {
				"north": {"uv": [0, 0, 16, 16], "texture": "#4"},
				"down": {"uv": [0, 0, 16, 16], "texture": "#4"}
			}
		},
		{
			"from": [1, 6, 9],
			"to": [2, 7, 10],
			"faces": {
				"south": {"uv": [0, 0, 16, 16], "texture": "#4"},
				"down": {"uv": [0, 0, 16, 16], "texture": "#4"}
			}
		},
		{
			"from": [2, 6, 8],
			"to": [3, 7, 9],
			"faces": {
				"north": {"uv": [0, 0, 16, 16], "texture": "#4"},
				"down": {"uv": [0, 0, 16, 16], "texture": "#4"}
			}
		},
		{
			"from": [2, 6, 9],
			"to": [3, 7, 10],
			"faces": {
				"south": {"uv": [0, 0, 16, 16], "texture": "#4"},
				"down": {"uv": [0, 0, 16, 16], "texture": "#4"}
			}
		},
		{
			"from": [3, 6, 8],
			"to": [4, 7, 9],
			"faces": {
				"north": {"uv": [0, 0, 16, 16], "texture": "#4"},
				"down": {"uv": [0, 0, 16, 16], "texture": "#4"}
			}
		},
		{
			"from": [3, 6, 9],
			"to": [4, 7, 10],
			"faces": {
				"south": {"uv": [0, 0, 16, 16], "texture": "#4"},
				"down": {"uv": [0, 0, 16, 16], "texture": "#4"}
			}
		},
		{
			"from": [4, 6, 8],
			"to": [5, 7, 9],
			"faces": {
				"north": {"uv": [0, 0, 16, 16], "texture": "#4"},
				"down": {"uv": [0, 0, 16, 16], "texture": "#4"}
			}
		},
		{
			"from": [4, 6, 9],
			"to": [5, 7, 10],
			"faces": {
				"south": {"uv": [0, 0, 16, 16], "texture": "#4"},
				"down": {"uv": [0, 0, 16, 16], "texture": "#4"}
			}
		},
		{
			"from": [5, 6, 8],
			"to": [6, 7, 9],
			"faces": {
				"north": {"uv": [0, 0, 16, 16], "texture": "#4"},
				"down": {"uv": [0, 0, 16, 16], "texture": "#4"}
			}
		},
		{
			"from": [5, 6, 9],
			"to": [6, 7, 10],
			"faces": {
				"south": {"uv": [0, 0, 16, 16], "texture": "#4"},
				"down": {"uv": [0, 0, 16, 16], "texture": "#4"}
			}
		},
		{
			"from": [6, 6, 8],
			"to": [7, 7, 9],
			"faces": {
				"north": {"uv": [0, 0, 16, 16], "texture": "#4"},
				"down": {"uv": [0, 0, 16, 16], "texture": "#4"}
			}
		},
		{
			"from": [6, 6, 9],
			"to": [7, 7, 10],
			"faces": {
				"south": {"uv": [0, 0, 16, 16], "texture": "#4"},
				"down": {"uv": [0, 0, 16, 16], "texture": "#4"}
			}
		},
		{
			"from": [7, 6, 0],
			"to": [8, 7, 1],
			"faces": {
				"north": {"uv": [0, 0, 16, 16], "texture": "#1"},
				"west": {"uv": [0, 0, 16, 16], "texture": "#1"}
			}
		},
		{
			"from": [7, 6, 1],
			"to": [8, 7, 2],
			"faces": {
				"west": {"uv": [0, 0, 16, 16], "texture": "#4"},
				"down": {"uv": [0, 0, 16, 16], "texture": "#4"}
			}
		},
		{
			"from": [7, 6, 2],
			"to": [8, 7, 3],
			"faces": {
				"west": {"uv": [0, 0, 16, 16], "texture": "#4"},
				"down": {"uv": [0, 0, 16, 16], "texture": "#4"}
			}
		},
		{
			"from": [7, 6, 3],
			"to": [8, 7, 4],
			"faces": {
				"west": {"uv": [0, 0, 16, 16], "texture": "#4"},
				"down": {"uv": [0, 0, 16, 16], "texture": "#4"}
			}
		},
		{
			"from": [7, 6, 4],
			"to": [8, 7, 5],
			"faces": {
				"west": {"uv": [0, 0, 16, 16], "texture": "#4"},
				"down": {"uv": [0, 0, 16, 16], "texture": "#4"}
			}
		},
		{
			"from": [7, 6, 5],
			"to": [8, 7, 6],
			"faces": {
				"west": {"uv": [0, 0, 16, 16], "texture": "#4"},
				"down": {"uv": [0, 0, 16, 16], "texture": "#4"}
			}
		},
		{
			"from": [7, 6, 6],
			"to": [8, 7, 7],
			"faces": {
				"west": {"uv": [0, 0, 16, 16], "texture": "#4"},
				"down": {"uv": [0, 0, 16, 16], "texture": "#4"}
			}
		},
		{
			"from": [7, 6, 7],
			"to": [8, 7, 8],
			"faces": {
				"west": {"uv": [0, 0, 16, 16], "texture": "#4"},
				"down": {"uv": [0, 0, 16, 16], "texture": "#4"}
			}
		},
		{
			"from": [7, 6, 8],
			"to": [8, 7, 9],
			"faces": {
				"down": {"uv": [0, 0, 16, 16], "texture": "#4"}
			}
		},
		{
			"from": [7, 6, 9],
			"to": [8, 7, 10],
			"faces": {
				"down": {"uv": [0, 0, 16, 16], "texture": "#4"}
			}
		},
		{
			"from": [7, 6, 10],
			"to": [8, 7, 11],
			"faces": {
				"west": {"uv": [0, 0, 16, 16], "texture": "#4"},
				"down": {"uv": [0, 0, 16, 16], "texture": "#4"}
			}
		},
		{
			"from": [7, 6, 11],
			"to": [8, 7, 12],
			"faces": {
				"west": {"uv": [0, 0, 16, 16], "texture": "#4"},
				"down": {"uv": [0, 0, 16, 16], "texture": "#4"}
			}
		},
		{
			"from": [7, 6, 12],
			"to": [8, 7, 13],
			"faces": {
				"west": {"uv": [0, 0, 16, 16], "texture": "#4"},
				"down": {"uv": [0, 0, 16, 16], "texture": "#4"}
			}
		},
		{
			"from": [7, 6, 13],
			"to": [8, 7, 14],
			"faces": {
				"west": {"uv": [0, 0, 16, 16], "texture": "#4"},
				"down": {"uv": [0, 0, 16, 16], "texture": "#4"}
			}
		},
		{
			"from": [7, 6, 14],
			"to": [8, 7, 15],
			"faces": {
				"west": {"uv": [0, 0, 16, 16], "texture": "#4"},
				"down": {"uv": [0, 0, 16, 16], "texture": "#4"}
			}
		},
		{
			"from": [7, 6, 15],
			"to": [8, 7, 16],
			"faces": {
				"south": {"uv": [0, 0, 16, 16], "texture": "#2"},
				"west": {"uv": [0, 0, 16, 16], "texture": "#2"}
			}
		},
		{
			"from": [8, 6, 0],
			"to": [9, 7, 1],
			"faces": {
				"north": {"uv": [0, 0, 16, 16], "texture": "#1"},
				"east": {"uv": [0, 0, 16, 16], "texture": "#1"}
			}
		},
		{
			"from": [8, 6, 1],
			"to": [9, 7, 2],
			"faces": {
				"east": {"uv": [0, 0, 16, 16], "texture": "#4"},
				"down": {"uv": [0, 0, 16, 16], "texture": "#4"}
			}
		},
		{
			"from": [8, 6, 2],
			"to": [9, 7, 3],
			"faces": {
				"east": {"uv": [0, 0, 16, 16], "texture": "#4"},
				"down": {"uv": [0, 0, 16, 16], "texture": "#4"}
			}
		},
		{
			"from": [8, 6, 3],
			"to": [9, 7, 4],
			"faces": {
				"east": {"uv": [0, 0, 16, 16], "texture": "#4"},
				"down": {"uv": [0, 0, 16, 16], "texture": "#4"}
			}
		},
		{
			"from": [8, 6, 4],
			"to": [9, 7, 5],
			"faces": {
				"east": {"uv": [0, 0, 16, 16], "texture": "#4"},
				"down": {"uv": [0, 0, 16, 16], "texture": "#4"}
			}
		},
		{
			"from": [8, 6, 5],
			"to": [9, 7, 6],
			"faces": {
				"east": {"uv": [0, 0, 16, 16], "texture": "#4"},
				"down": {"uv": [0, 0, 16, 16], "texture": "#4"}
			}
		},
		{
			"from": [8, 6, 6],
			"to": [9, 7, 7],
			"faces": {
				"east": {"uv": [0, 0, 16, 16], "texture": "#4"},
				"down": {"uv": [0, 0, 16, 16], "texture": "#4"}
			}
		},
		{
			"from": [8, 6, 7],
			"to": [9, 7, 8],
			"faces": {
				"east": {"uv": [0, 0, 16, 16], "texture": "#4"},
				"down": {"uv": [0, 0, 16, 16], "texture": "#4"}
			}
		},
		{
			"from": [8, 6, 8],
			"to": [9, 7, 9],
			"faces": {
				"down": {"uv": [0, 0, 16, 16], "texture": "#4"}
			}
		},
		{
			"from": [8, 6, 9],
			"to": [9, 7, 10],
			"faces": {
				"down": {"uv": [0, 0, 16, 16], "texture": "#4"}
			}
		},
		{
			"from": [8, 6, 10],
			"to": [9, 7, 11],
			"faces": {
				"east": {"uv": [0, 0, 16, 16], "texture": "#4"},
				"down": {"uv": [0, 0, 16, 16], "texture": "#4"}
			}
		},
		{
			"from": [8, 6, 11],
			"to": [9, 7, 12],
			"faces": {
				"east": {"uv": [0, 0, 16, 16], "texture": "#4"},
				"down": {"uv": [0, 0, 16, 16], "texture": "#4"}
			}
		},
		{
			"from": [8, 6, 12],
			"to": [9, 7, 13],
			"faces": {
				"east": {"uv": [0, 0, 16, 16], "texture": "#4"},
				"down": {"uv": [0, 0, 16, 16], "texture": "#4"}
			}
		},
		{
			"from": [8, 6, 13],
			"to": [9, 7, 14],
			"faces": {
				"east": {"uv": [0, 0, 16, 16], "texture": "#4"},
				"down": {"uv": [0, 0, 16, 16], "texture": "#4"}
			}
		},
		{
			"from": [8, 6, 14],
			"to": [9, 7, 15],
			"faces": {
				"east": {"uv": [0, 0, 16, 16], "texture": "#4"},
				"down": {"uv": [0, 0, 16, 16], "texture": "#4"}
			}
		},
		{
			"from": [8, 6, 15],
			"to": [9, 7, 16],
			"faces": {
				"east": {"uv": [0, 0, 16, 16], "texture": "#2"},
				"south": {"uv": [0, 0, 16, 16], "texture": "#2"}
			}
		},
		{
			"from": [9, 6, 8],
			"to": [10, 7, 9],
			"faces": {
				"north": {"uv": [0, 0, 16, 16], "texture": "#4"},
				"down": {"uv": [0, 0, 16, 16], "texture": "#4"}
			}
		},
		{
			"from": [9, 6, 9],
			"to": [10, 7, 10],
			"faces": {
				"south": {"uv": [0, 0, 16, 16], "texture": "#4"},
				"down": {"uv": [0, 0, 16, 16], "texture": "#4"}
			}
		},
		{
			"from": [10, 6, 8],
			"to": [11, 7, 9],
			"faces": {
				"north": {"uv": [0, 0, 16, 16], "texture": "#4"},
				"down": {"uv": [0, 0, 16, 16], "texture": "#4"}
			}
		},
		{
			"from": [10, 6, 9],
			"to": [11, 7, 10],
			"faces": {
				"south": {"uv": [0, 0, 16, 16], "texture": "#4"},
				"down": {"uv": [0, 0, 16, 16], "texture": "#4"}
			}
		},
		{
			"from": [11, 6, 8],
			"to": [12, 7, 9],
			"faces": {
				"north": {"uv": [0, 0, 16, 16], "texture": "#4"},
				"down": {"uv": [0, 0, 16, 16], "texture": "#4"}
			}
		},
		{
			"from": [11, 6, 9],
			"to": [12, 7, 10],
			"faces": {
				"south": {"uv": [0, 0, 16, 16], "texture": "#4"},
				"down": {"uv": [0, 0, 16, 16], "texture": "#4"}
			}
		},
		{
			"from": [12, 6, 8],
			"to": [13, 7, 9],
			"faces": {
				"north": {"uv": [0, 0, 16, 16], "texture": "#4"},
				"down": {"uv": [0, 0, 16, 16], "texture": "#4"}
			}
		},
		{
			"from": [12, 6, 9],
			"to": [13, 7, 10],
			"faces": {
				"south": {"uv": [0, 0, 16, 16], "texture": "#4"},
				"down": {"uv": [0, 0, 16, 16], "texture": "#4"}
			}
		},
		{
			"from": [13, 6, 8],
			"to": [14, 7, 9],
			"faces": {
				"north": {"uv": [0, 0, 16, 16], "texture": "#4"},
				"down": {"uv": [0, 0, 16, 16], "texture": "#4"}
			}
		},
		{
			"from": [13, 6, 9],
			"to": [14, 7, 10],
			"faces": {
				"south": {"uv": [0, 0, 16, 16], "texture": "#4"},
				"down": {"uv": [0, 0, 16, 16], "texture": "#4"}
			}
		},
		{
			"from": [14, 6, 8],
			"to": [15, 7, 9],
			"faces": {
				"north": {"uv": [0, 0, 16, 16], "texture": "#4"},
				"down": {"uv": [0, 0, 16, 16], "texture": "#4"}
			}
		},
		{
			"from": [14, 6, 9],
			"to": [15, 7, 10],
			"faces": {
				"south": {"uv": [0, 0, 16, 16], "texture": "#4"},
				"down": {"uv": [0, 0, 16, 16], "texture": "#4"}
			}
		},
		{
			"from": [15, 6, 8],
			"to": [16, 7, 9],
			"faces": {
				"north": {"uv": [0, 0, 16, 16], "texture": "#3"},
				"east": {"uv": [0, 0, 16, 16], "texture": "#3"}
			}
		},
		{
			"from": [15, 6, 9],
			"to": [16, 7, 10],
			"faces": {
				"east": {"uv": [0, 0, 16, 16], "texture": "#3"},
				"south": {"uv": [0, 0, 16, 16], "texture": "#3"}
			}
		},
		{
			"from": [0, 7, 8],
			"to": [1, 8, 9],
			"faces": {
				"north": {"uv": [0, 0, 16, 16], "texture": "#0"},
				"west": {"uv": [0, 0, 16, 16], "texture": "#0"}
			}
		},
		{
			"from": [0, 7, 9],
			"to": [1, 8, 10],
			"faces": {
				"south": {"uv": [0, 0, 16, 16], "texture": "#0"},
				"west": {"uv": [0, 0, 16, 16], "texture": "#0"}
			}
		},
		{
			"from": [1, 7, 8],
			"to": [2, 8, 9],
			"faces": {
				"north": {"uv": [0, 0, 16, 16], "texture": "#6"},
				"up": {"uv": [0, 16, 16, 0], "rotation": 270, "texture": "#8"}
			}
		},
		{
			"from": [1, 7, 9],
			"to": [2, 8, 10],
			"faces": {
				"south": {"uv": [0, 0, 16, 16], "texture": "#6"},
				"up": {"uv": [0, 16, 16, 0], "rotation": 270, "texture": "#8"}
			}
		},
		{
			"from": [2, 7, 8],
			"to": [3, 8, 9],
			"faces": {
				"north": {"uv": [0, 0, 16, 16], "texture": "#6"},
				"up": {"uv": [0, 16, 16, 0], "rotation": 270, "texture": "#8"}
			}
		},
		{
			"from": [2, 7, 9],
			"to": [3, 8, 10],
			"faces": {
				"south": {"uv": [0, 0, 16, 16], "texture": "#6"},
				"up": {"uv": [0, 16, 16, 0], "rotation": 270, "texture": "#8"}
			}
		},
		{
			"from": [3, 7, 8],
			"to": [4, 8, 9],
			"faces": {
				"north": {"uv": [0, 0, 16, 16], "texture": "#6"},
				"up": {"uv": [0, 16, 16, 0], "rotation": 270, "texture": "#8"}
			}
		},
		{
			"from": [3, 7, 9],
			"to": [4, 8, 10],
			"faces": {
				"south": {"uv": [0, 0, 16, 16], "texture": "#6"},
				"up": {"uv": [0, 16, 16, 0], "rotation": 270, "texture": "#8"}
			}
		},
		{
			"from": [4, 7, 8],
			"to": [5, 8, 9],
			"faces": {
				"north": {"uv": [0, 0, 16, 16], "texture": "#6"},
				"up": {"uv": [0, 16, 16, 0], "rotation": 270, "texture": "#8"}
			}
		},
		{
			"from": [4, 7, 9],
			"to": [5, 8, 10],
			"faces": {
				"south": {"uv": [0, 0, 16, 16], "texture": "#6"},
				"up": {"uv": [0, 16, 16, 0], "rotation": 270, "texture": "#8"}
			}
		},
		{
			"from": [5, 7, 8],
			"to": [6, 8, 9],
			"faces": {
				"north": {"uv": [0, 0, 16, 16], "texture": "#6"},
				"up": {"uv": [0, 16, 16, 0], "rotation": 270, "texture": "#8"}
			}
		},
		{
			"from": [5, 7, 9],
			"to": [6, 8, 10],
			"faces": {
				"south": {"uv": [0, 0, 16, 16], "texture": "#6"},
				"up": {"uv": [0, 16, 16, 0], "rotation": 270, "texture": "#8"}
			}
		},
		{
			"from": [6, 7, 8],
			"to": [7, 8, 9],
			"faces": {
				"north": {"uv": [0, 0, 16, 16], "texture": "#6"},
				"up": {"uv": [0, 16, 16, 0], "rotation": 270, "texture": "#8"}
			}
		},
		{
			"from": [6, 7, 9],
			"to": [7, 8, 10],
			"faces": {
				"south": {"uv": [0, 0, 16, 16], "texture": "#6"},
				"up": {"uv": [0, 16, 16, 0], "rotation": 270, "texture": "#8"}
			}
		},
		{
			"from": [7, 7, 0],
			"to": [8, 8, 1],
			"faces": {
				"north": {"uv": [0, 0, 16, 16], "texture": "#1"},
				"west": {"uv": [0, 0, 16, 16], "texture": "#1"}
			}
		},
		{
			"from": [7, 7, 1],
			"to": [8, 8, 2],
			"faces": {
				"west": {"uv": [0, 0, 16, 16], "texture": "#6"},
				"up": {"uv": [0, 16, 16, 0], "texture": "#8"}
			}
		},
		{
			"from": [7, 7, 2],
			"to": [8, 8, 3],
			"faces": {
				"west": {"uv": [0, 0, 16, 16], "texture": "#6"},
				"up": {"uv": [0, 16, 16, 0], "texture": "#8"}
			}
		},
		{
			"from": [7, 7, 3],
			"to": [8, 8, 4],
			"faces": {
				"west": {"uv": [0, 0, 16, 16], "texture": "#6"},
				"up": {"uv": [0, 16, 16, 0], "texture": "#8"}
			}
		},
		{
			"from": [7, 7, 4],
			"to": [8, 8, 5],
			"faces": {
				"west": {"uv": [0, 0, 16, 16], "texture": "#6"},
				"up": {"uv": [0, 16, 16, 0], "texture": "#8"}
			}
		},
		{
			"from": [7, 7, 5],
			"to": [8, 8, 6],
			"faces": {
				"west": {"uv": [0, 0, 16, 16], "texture": "#6"},
				"up": {"uv": [0, 16, 16, 0], "texture": "#8"}
			}
		},
		{
			"from": [7, 7, 6],
			"to": [8, 8, 7],
			"faces": {
				"west": {"uv": [0, 0, 16, 16], "texture": "#6"},
				"up": {"uv": [0, 16, 16, 0], "texture": "#8"}
			}
		},
		{
			"from": [7, 7, 7],
			"to": [8, 8, 8],
			"faces": {
				"west": {"uv": [0, 0, 16, 16], "texture": "#6"},
				"up": {"uv": [0, 16, 16, 0], "texture": "#8"}
			}
		},
		{
			"from": [7, 7, 10],
			"to": [8, 8, 11],
			"faces": {
				"west": {"uv": [0, 0, 16, 16], "texture": "#6"},
				"up": {"uv": [0, 16, 16, 0], "rotation": 180, "texture": "#8"}
			}
		},
		{
			"from": [7, 7, 11],
			"to": [8, 8, 12],
			"faces": {
				"west": {"uv": [0, 0, 16, 16], "texture": "#6"},
				"up": {"uv": [0, 16, 16, 0], "rotation": 180, "texture": "#8"}
			}
		},
		{
			"from": [7, 7, 12],
			"to": [8, 8, 13],
			"faces": {
				"west": {"uv": [0, 0, 16, 16], "texture": "#6"},
				"up": {"uv": [0, 16, 16, 0], "rotation": 180, "texture": "#8"}
			}
		},
		{
			"from": [7, 7, 13],
			"to": [8, 8, 14],
			"faces": {
				"west": {"uv": [0, 0, 16, 16], "texture": "#6"},
				"up": {"uv": [0, 16, 16, 0], "rotation": 180, "texture": "#8"}
			}
		},
		{
			"from": [7, 7, 14],
			"to": [8, 8, 15],
			"faces": {
				"west": {"uv": [0, 0, 16, 16], "texture": "#6"},
				"up": {"uv": [0, 16, 16, 0], "rotation": 180, "texture": "#8"}
			}
		},
		{
			"from": [7, 7, 15],
			"to": [8, 8, 16],
			"faces": {
				"south": {"uv": [0, 0, 16, 16], "texture": "#2"},
				"west": {"uv": [0, 0, 16, 16], "texture": "#2"}
			}
		},
		{
			"from": [8, 7, 0],
			"to": [9, 8, 1],
			"faces": {
				"north": {"uv": [0, 0, 16, 16], "texture": "#1"},
				"east": {"uv": [0, 0, 16, 16], "texture": "#1"}
			}
		},
		{
			"from": [8, 7, 1],
			"to": [9, 8, 2],
			"faces": {
				"east": {"uv": [0, 0, 16, 16], "texture": "#6"},
				"up": {"uv": [0, 16, 16, 0], "texture": "#8"}
			}
		},
		{
			"from": [8, 7, 2],
			"to": [9, 8, 3],
			"faces": {
				"east": {"uv": [0, 0, 16, 16], "texture": "#6"},
				"up": {"uv": [0, 16, 16, 0], "texture": "#8"}
			}
		},
		{
			"from": [8, 7, 3],
			"to": [9, 8, 4],
			"faces": {
				"east": {"uv": [0, 0, 16, 16], "texture": "#6"},
				"up": {"uv": [0, 16, 16, 0], "texture": "#8"}
			}
		},
		{
			"from": [8, 7, 4],
			"to": [9, 8, 5],
			"faces": {
				"east": {"uv": [0, 0, 16, 16], "texture": "#6"},
				"up": {"uv": [0, 16, 16, 0], "texture": "#8"}
			}
		},
		{
			"from": [8, 7, 5],
			"to": [9, 8, 6],
			"faces": {
				"east": {"uv": [0, 0, 16, 16], "texture": "#6"},
				"up": {"uv": [0, 16, 16, 0], "texture": "#8"}
			}
		},
		{
			"from": [8, 7, 6],
			"to": [9, 8, 7],
			"faces": {
				"east": {"uv": [0, 0, 16, 16], "texture": "#6"},
				"up": {"uv": [0, 16, 16, 0], "texture": "#8"}
			}
		},
		{
			"from": [8, 7, 7],
			"to": [9, 8, 8],
			"faces": {
				"east": {"uv": [0, 0, 16, 16], "texture": "#6"},
				"up": {"uv": [0, 16, 16, 0], "texture": "#8"}
			}
		},
		{
			"from": [8, 7, 10],
			"to": [9, 8, 11],
			"faces": {
				"east": {"uv": [0, 0, 16, 16], "texture": "#6"},
				"up": {"uv": [0, 16, 16, 0], "rotation": 180, "texture": "#8"}
			}
		},
		{
			"from": [8, 7, 11],
			"to": [9, 8, 12],
			"faces": {
				"east": {"uv": [0, 0, 16, 16], "texture": "#6"},
				"up": {"uv": [0, 16, 16, 0], "rotation": 180, "texture": "#8"}
			}
		},
		{
			"from": [8, 7, 12],
			"to": [9, 8, 13],
			"faces": {
				"east": {"uv": [0, 0, 16, 16], "texture": "#6"},
				"up": {"uv": [0, 16, 16, 0], "rotation": 180, "texture": "#8"}
			}
		},
		{
			"from": [8, 7, 13],
			"to": [9, 8, 14],
			"faces": {
				"east": {"uv": [0, 0, 16, 16], "texture": "#6"},
				"up": {"uv": [0, 16, 16, 0], "rotation": 180, "texture": "#8"}
			}
		},
		{
			"from": [8, 7, 14],
			"to": [9, 8, 15],
			"faces": {
				"east": {"uv": [0, 0, 16, 16], "texture": "#6"},
				"up": {"uv": [0, 16, 16, 0], "rotation": 180, "texture": "#8"}
			}
		},
		{
			"from": [8, 7, 15],
			"to": [9, 8, 16],
			"faces": {
				"east": {"uv": [0, 0, 16, 16], "texture": "#2"},
				"south": {"uv": [0, 0, 16, 16], "texture": "#2"}
			}
		},
		{
			"from": [9, 7, 8],
			"to": [10, 8, 9],
			"faces": {
				"north": {"uv": [0, 0, 16, 16], "texture": "#6"},
				"up": {"uv": [0, 16, 16, 0], "rotation": 90, "texture": "#8"}
			}
		},
		{
			"from": [9, 7, 9],
			"to": [10, 8, 10],
			"faces": {
				"south": {"uv": [0, 0, 16, 16], "texture": "#6"},
				"up": {"uv": [0, 16, 16, 0], "rotation": 90, "texture": "#8"}
			}
		},
		{
			"from": [10, 7, 8],
			"to": [11, 8, 9],
			"faces": {
				"north": {"uv": [0, 0, 16, 16], "texture": "#6"},
				"up": {"uv": [0, 16, 16, 0], "rotation": 90, "texture": "#8"}
			}
		},
		{
			"from": [10, 7, 9],
			"to": [11, 8, 10],
			"faces": {
				"south": {"uv": [0, 0, 16, 16], "texture": "#6"},
				"up": {"uv": [0, 16, 16, 0], "rotation": 90, "texture": "#8"}
			}
		},
		{
			"from": [11, 7, 8],
			"to": [12, 8, 9],
			"faces": {
				"north": {"uv": [0, 0, 16, 16], "texture": "#6"},
				"up": {"uv": [0, 16, 16, 0], "rotation": 90, "texture": "#8"}
			}
		},
		{
			"from": [11, 7, 9],
			"to": [12, 8, 10],
			"faces": {
				"south": {"uv": [0, 0, 16, 16], "texture": "#6"},
				"up": {"uv": [0, 16, 16, 0], "rotation": 90, "texture": "#8"}
			}
		},
		{
			"from": [12, 7, 8],
			"to": [13, 8, 9],
			"faces": {
				"north": {"uv": [0, 0, 16, 16], "texture": "#6"},
				"up": {"uv": [0, 16, 16, 0], "rotation": 90, "texture": "#8"}
			}
		},
		{
			"from": [12, 7, 9],
			"to": [13, 8, 10],
			"faces": {
				"south": {"uv": [0, 0, 16, 16], "texture": "#6"},
				"up": {"uv": [0, 16, 16, 0], "rotation": 90, "texture": "#8"}
			}
		},
		{
			"from": [13, 7, 8],
			"to": [14, 8, 9],
			"faces": {
				"north": {"uv": [0, 0, 16, 16], "texture": "#6"},
				"up": {"uv": [0, 16, 16, 0], "rotation": 90, "texture": "#8"}
			}
		},
		{
			"from": [13, 7, 9],
			"to": [14, 8, 10],
			"faces": {
				"south": {"uv": [0, 0, 16, 16], "texture": "#6"},
				"up": {"uv": [0, 16, 16, 0], "rotation": 90, "texture": "#8"}
			}
		},
		{
			"from": [14, 7, 8],
			"to": [15, 8, 9],
			"faces": {
				"north": {"uv": [0, 0, 16, 16], "texture": "#6"},
				"up": {"uv": [0, 16, 16, 0], "rotation": 90, "texture": "#8"}
			}
		},
		{
			"from": [14, 7, 9],
			"to": [15, 8, 10],
			"faces": {
				"south": {"uv": [0, 0, 16, 16], "texture": "#6"},
				"up": {"uv": [0, 16, 16, 0], "rotation": 90, "texture": "#8"}
			}
		},
		{
			"from": [15, 7, 8],
			"to": [16, 8, 9],
			"faces": {
				"north": {"uv": [0, 0, 16, 16], "texture": "#3"},
				"east": {"uv": [0, 0, 16, 16], "texture": "#3"}
			}
		},
		{
			"from": [15, 7, 9],
			"to": [16, 8, 10],
			"faces": {
				"east": {"uv": [0, 0, 16, 16], "texture": "#3"},
				"south": {"uv": [0, 0, 16, 16], "texture": "#3"}
			}
		},
		{
			"from": [0, 8, 8],
			"to": [1, 9, 9],
			"faces": {
				"north": {"uv": [0, 0, 16, 16], "texture": "#0"},
				"east": {"uv": [0, 0, 16, 16], "texture": "#0"},
				"west": {"uv": [0, 0, 16, 16], "texture": "#0"},
				"up": {"uv": [0, 0, 16, 16], "texture": "#0"}
			}
		},
		{
			"from": [0, 8, 9],
			"to": [1, 9, 10],
			"faces": {
				"east": {"uv": [0, 0, 16, 16], "texture": "#0"},
				"south": {"uv": [0, 0, 16, 16], "texture": "#0"},
				"west": {"uv": [0, 0, 16, 16], "texture": "#0"},
				"up": {"uv": [0, 0, 16, 16], "texture": "#0"}
			}
		},
		{
			"from": [7, 8, 0],
			"to": [8, 9, 1],
			"faces": {
				"north": {"uv": [0, 0, 16, 16], "texture": "#1"},
				"south": {"uv": [0, 0, 16, 16], "texture": "#1"},
				"west": {"uv": [0, 0, 16, 16], "texture": "#1"},
				"up": {"uv": [0, 0, 16, 16], "texture": "#1"}
			}
		},
		{
			"from": [7, 8, 15],
			"to": [8, 9, 16],
			"faces": {
				"north": {"uv": [0, 0, 16, 16], "texture": "#2"},
				"south": {"uv": [0, 0, 16, 16], "texture": "#2"},
				"west": {"uv": [0, 0, 16, 16], "texture": "#2"},
				"up": {"uv": [0, 0, 16, 16], "texture": "#2"}
			}
		},
		{
			"from": [8, 8, 0],
			"to": [9, 9, 1],
			"faces": {
				"north": {"uv": [0, 0, 16, 16], "texture": "#1"},
				"east": {"uv": [0, 0, 16, 16], "texture": "#1"},
				"south": {"uv": [0, 0, 16, 16], "texture": "#1"},
				"up": {"uv": [0, 0, 16, 16], "texture": "#1"}
			}
		},
		{
			"from": [8, 8, 15],
			"to": [9, 9, 16],
			"faces": {
				"north": {"uv": [0, 0, 16, 16], "texture": "#2"},
				"east": {"uv": [0, 0, 16, 16], "texture": "#2"},
				"south": {"uv": [0, 0, 16, 16], "texture": "#2"},
				"up": {"uv": [0, 0, 16, 16], "texture": "#2"}
			}
		},
		{
			"from": [15, 8, 8],
			"to": [16, 9, 9],
			"faces": {
				"north": {"uv": [0, 0, 16, 16], "texture": "#3"},
				"east": {"uv": [0, 0, 16, 16], "texture": "#3"},
				"west": {"uv": [0, 0, 16, 16], "texture": "#3"},
				"up": {"uv": [0, 0, 16, 16], "texture": "#3"}
			}
		},
		{
			"from": [15, 8, 9],
			"to": [16, 9, 10],
			"faces": {
				"east": {"uv": [0, 0, 16, 16], "texture": "#3"},
				"south": {"uv": [0, 0, 16, 16], "texture": "#3"},
				"west": {"uv": [0, 0, 16, 16], "texture": "#3"},
				"up": {"uv": [0, 0, 16, 16], "texture": "#3"}
			}
		},
		{
			"from": [0, 9, 10],
			"to": [1, 10, 11],
			"faces": {
				"north": {"uv": [0, 0, 16, 16], "texture": "#0"},
				"east": {"uv": [0, 0, 16, 16], "texture": "#0"},
				"west": {"uv": [0, 0, 16, 16], "texture": "#0"},
				"down": {"uv": [0, 0, 16, 16], "texture": "#0"}
			}
		},
		{
			"from": [0, 9, 11],
			"to": [1, 10, 12],
			"faces": {
				"east": {"uv": [0, 0, 16, 16], "texture": "#0"},
				"south": {"uv": [0, 0, 16, 16], "texture": "#0"},
				"west": {"uv": [0, 0, 16, 16], "texture": "#0"},
				"down": {"uv": [0, 0, 16, 16], "texture": "#0"}
			}
		},
		{
			"from": [5, 9, 0],
			"to": [6, 10, 1],
			"faces": {
				"north": {"uv": [0, 0, 16, 16], "texture": "#1"},
				"south": {"uv": [0, 0, 16, 16], "texture": "#1"},
				"west": {"uv": [0, 0, 16, 16], "texture": "#1"},
				"down": {"uv": [0, 0, 16, 16], "texture": "#1"}
			}
		},
		{
			"from": [6, 9, 0],
			"to": [7, 10, 1],
			"faces": {
				"north": {"uv": [0, 0, 16, 16], "texture": "#1"},
				"east": {"uv": [0, 0, 16, 16], "texture": "#1"},
				"south": {"uv": [0, 0, 16, 16], "texture": "#1"},
				"down": {"uv": [0, 0, 16, 16], "texture": "#1"}
			}
		},
		{
			"from": [9, 9, 15],
			"to": [10, 10, 16],
			"faces": {
				"north": {"uv": [0, 0, 16, 16], "texture": "#2"},
				"south": {"uv": [0, 0, 16, 16], "texture": "#2"},
				"west": {"uv": [0, 0, 16, 16], "texture": "#2"},
				"down": {"uv": [0, 0, 16, 16], "texture": "#2"}
			}
		},
		{
			"from": [10, 9, 15],
			"to": [11, 10, 16],
			"faces": {
				"north": {"uv": [0, 0, 16, 16], "texture": "#2"},
				"east": {"uv": [0, 0, 16, 16], "texture": "#2"},
				"south": {"uv": [0, 0, 16, 16], "texture": "#2"},
				"down": {"uv": [0, 0, 16, 16], "texture": "#2"}
			}
		},
		{
			"from": [15, 9, 6],
			"to": [16, 10, 7],
			"faces": {
				"north": {"uv": [0, 0, 16, 16], "texture": "#3"},
				"east": {"uv": [0, 0, 16, 16], "texture": "#3"},
				"west": {"uv": [0, 0, 16, 16], "texture": "#3"},
				"down": {"uv": [0, 0, 16, 16], "texture": "#3"}
			}
		},
		{
			"from": [15, 9, 7],
			"to": [16, 10, 8],
			"faces": {
				"east": {"uv": [0, 0, 16, 16], "texture": "#3"},
				"south": {"uv": [0, 0, 16, 16], "texture": "#3"},
				"west": {"uv": [0, 0, 16, 16], "texture": "#3"},
				"down": {"uv": [0, 0, 16, 16], "texture": "#3"}
			}
		},
		{
			"from": [0, 10, 10],
			"to": [1, 11, 11],
			"faces": {
				"north": {"uv": [0, 0, 16, 16], "texture": "#0"},
				"east": {"uv": [0, 0, 16, 16], "texture": "#0"},
				"west": {"uv": [0, 0, 16, 16], "texture": "#0"}
			}
		},
		{
			"from": [0, 10, 11],
			"to": [1, 11, 12],
			"faces": {
				"east": {"uv": [0, 0, 16, 16], "texture": "#0"},
				"south": {"uv": [0, 0, 16, 16], "texture": "#0"},
				"west": {"uv": [0, 0, 16, 16], "texture": "#0"}
			}
		},
		{
			"from": [5, 10, 0],
			"to": [6, 11, 1],
			"faces": {
				"north": {"uv": [0, 0, 16, 16], "texture": "#1"},
				"south": {"uv": [0, 0, 16, 16], "texture": "#1"},
				"west": {"uv": [0, 0, 16, 16], "texture": "#1"}
			}
		},
		{
			"from": [6, 10, 0],
			"to": [7, 11, 1],
			"faces": {
				"north": {"uv": [0, 0, 16, 16], "texture": "#1"},
				"east": {"uv": [0, 0, 16, 16], "texture": "#1"},
				"south": {"uv": [0, 0, 16, 16], "texture": "#1"}
			}
		},
		{
			"from": [9, 10, 15],
			"to": [10, 11, 16],
			"faces": {
				"north": {"uv": [0, 0, 16, 16], "texture": "#2"},
				"south": {"uv": [0, 0, 16, 16], "texture": "#2"},
				"west": {"uv": [0, 0, 16, 16], "texture": "#2"}
			}
		},
		{
			"from": [10, 10, 15],
			"to": [11, 11, 16],
			"faces": {
				"north": {"uv": [0, 0, 16, 16], "texture": "#2"},
				"east": {"uv": [0, 0, 16, 16], "texture": "#2"},
				"south": {"uv": [0, 0, 16, 16], "texture": "#2"}
			}
		},
		{
			"from": [15, 10, 6],
			"to": [16, 11, 7],
			"faces": {
				"north": {"uv": [0, 0, 16, 16], "texture": "#3"},
				"east": {"uv": [0, 0, 16, 16], "texture": "#3"},
				"west": {"uv": [0, 0, 16, 16], "texture": "#3"}
			}
		},
		{
			"from": [15, 10, 7],
			"to": [16, 11, 8],
			"faces": {
				"east": {"uv": [0, 0, 16, 16], "texture": "#3"},
				"south": {"uv": [0, 0, 16, 16], "texture": "#3"},
				"west": {"uv": [0, 0, 16, 16], "texture": "#3"}
			}
		},
		{
			"from": [0, 11, 6],
			"to": [1, 12, 7],
			"faces": {
				"north": {"uv": [0, 0, 16, 16], "texture": "#0"},
				"east": {"uv": [0, 0, 16, 16], "texture": "#0"},
				"west": {"uv": [0, 0, 16, 16], "texture": "#0"},
				"down": {"uv": [0, 0, 16, 16], "texture": "#0"}
			}
		},
		{
			"from": [0, 11, 7],
			"to": [1, 12, 8],
			"faces": {
				"east": {"uv": [0, 0, 16, 16], "texture": "#0"},
				"south": {"uv": [0, 0, 16, 16], "texture": "#0"},
				"west": {"uv": [0, 0, 16, 16], "texture": "#0"},
				"down": {"uv": [0, 0, 16, 16], "texture": "#0"}
			}
		},
		{
			"from": [0, 11, 10],
			"to": [1, 12, 11],
			"faces": {
				"north": {"uv": [0, 0, 16, 16], "texture": "#0"},
				"east": {"uv": [0, 0, 16, 16], "texture": "#0"},
				"west": {"uv": [0, 0, 16, 16], "texture": "#0"}
			}
		},
		{
			"from": [0, 11, 11],
			"to": [1, 12, 12],
			"faces": {
				"east": {"uv": [0, 0, 16, 16], "texture": "#0"},
				"south": {"uv": [0, 0, 16, 16], "texture": "#0"},
				"west": {"uv": [0, 0, 16, 16], "texture": "#0"}
			}
		},
		{
			"from": [5, 11, 0],
			"to": [6, 12, 1],
			"faces": {
				"north": {"uv": [0, 0, 16, 16], "texture": "#1"},
				"south": {"uv": [0, 0, 16, 16], "texture": "#1"},
				"west": {"uv": [0, 0, 16, 16], "texture": "#1"}
			}
		},
		{
			"from": [5, 11, 15],
			"to": [6, 12, 16],
			"faces": {
				"north": {"uv": [0, 0, 16, 16], "texture": "#2"},
				"south": {"uv": [0, 0, 16, 16], "texture": "#2"},
				"west": {"uv": [0, 0, 16, 16], "texture": "#2"},
				"down": {"uv": [0, 0, 16, 16], "texture": "#2"}
			}
		},
		{
			"from": [6, 11, 0],
			"to": [7, 12, 1],
			"faces": {
				"north": {"uv": [0, 0, 16, 16], "texture": "#1"},
				"east": {"uv": [0, 0, 16, 16], "texture": "#1"},
				"south": {"uv": [0, 0, 16, 16], "texture": "#1"}
			}
		},
		{
			"from": [6, 11, 15],
			"to": [7, 12, 16],
			"faces": {
				"north": {"uv": [0, 0, 16, 16], "texture": "#2"},
				"east": {"uv": [0, 0, 16, 16], "texture": "#2"},
				"south": {"uv": [0, 0, 16, 16], "texture": "#2"},
				"down": {"uv": [0, 0, 16, 16], "texture": "#2"}
			}
		},
		{
			"from": [9, 11, 0],
			"to": [10, 12, 1],
			"faces": {
				"north": {"uv": [0, 0, 16, 16], "texture": "#1"},
				"south": {"uv": [0, 0, 16, 16], "texture": "#1"},
				"west": {"uv": [0, 0, 16, 16], "texture": "#1"},
				"down": {"uv": [0, 0, 16, 16], "texture": "#1"}
			}
		},
		{
			"from": [9, 11, 15],
			"to": [10, 12, 16],
			"faces": {
				"north": {"uv": [0, 0, 16, 16], "texture": "#2"},
				"south": {"uv": [0, 0, 16, 16], "texture": "#2"},
				"west": {"uv": [0, 0, 16, 16], "texture": "#2"}
			}
		},
		{
			"from": [10, 11, 0],
			"to": [11, 12, 1],
			"faces": {
				"north": {"uv": [0, 0, 16, 16], "texture": "#1"},
				"east": {"uv": [0, 0, 16, 16], "texture": "#1"},
				"south": {"uv": [0, 0, 16, 16], "texture": "#1"},
				"down": {"uv": [0, 0, 16, 16], "texture": "#1"}
			}
		},
		{
			"from": [10, 11, 15],
			"to": [11, 12, 16],
			"faces": {
				"north": {"uv": [0, 0, 16, 16], "texture": "#2"},
				"east": {"uv": [0, 0, 16, 16], "texture": "#2"},
				"south": {"uv": [0, 0, 16, 16], "texture": "#2"}
			}
		},
		{
			"from": [15, 11, 6],
			"to": [16, 12, 7],
			"faces": {
				"north": {"uv": [0, 0, 16, 16], "texture": "#3"},
				"east": {"uv": [0, 0, 16, 16], "texture": "#3"},
				"west": {"uv": [0, 0, 16, 16], "texture": "#3"}
			}
		},
		{
			"from": [15, 11, 7],
			"to": [16, 12, 8],
			"faces": {
				"east": {"uv": [0, 0, 16, 16], "texture": "#3"},
				"south": {"uv": [0, 0, 16, 16], "texture": "#3"},
				"west": {"uv": [0, 0, 16, 16], "texture": "#3"}
			}
		},
		{
			"from": [15, 11, 10],
			"to": [16, 12, 11],
			"faces": {
				"north": {"uv": [0, 0, 16, 16], "texture": "#3"},
				"east": {"uv": [0, 0, 16, 16], "texture": "#3"},
				"west": {"uv": [0, 0, 16, 16], "texture": "#3"},
				"down": {"uv": [0, 0, 16, 16], "texture": "#3"}
			}
		},
		{
			"from": [15, 11, 11],
			"to": [16, 12, 12],
			"faces": {
				"east": {"uv": [0, 0, 16, 16], "texture": "#3"},
				"south": {"uv": [0, 0, 16, 16], "texture": "#3"},
				"west": {"uv": [0, 0, 16, 16], "texture": "#3"},
				"down": {"uv": [0, 0, 16, 16], "texture": "#3"}
			}
		},
		{
			"from": [0, 12, 6],
			"to": [1, 13, 7],
			"faces": {
				"north": {"uv": [0, 0, 16, 16], "texture": "#0"},
				"east": {"uv": [0, 0, 16, 16], "texture": "#0"},
				"west": {"uv": [0, 0, 16, 16], "texture": "#0"},
				"up": {"uv": [0, 0, 16, 16], "texture": "#0"}
			}
		},
		{
			"from": [0, 12, 7],
			"to": [1, 13, 8],
			"faces": {
				"east": {"uv": [0, 0, 16, 16], "texture": "#0"},
				"south": {"uv": [0, 0, 16, 16], "texture": "#0"},
				"west": {"uv": [0, 0, 16, 16], "texture": "#0"},
				"up": {"uv": [0, 0, 16, 16], "texture": "#0"}
			}
		},
		{
			"from": [0, 12, 10],
			"to": [1, 13, 11],
			"faces": {
				"north": {"uv": [0, 0, 16, 16], "texture": "#0"},
				"east": {"uv": [0, 0, 16, 16], "texture": "#0"},
				"west": {"uv": [0, 0, 16, 16], "texture": "#0"},
				"up": {"uv": [0, 0, 16, 16], "texture": "#0"}
			}
		},
		{
			"from": [0, 12, 11],
			"to": [1, 13, 12],
			"faces": {
				"east": {"uv": [0, 0, 16, 16], "texture": "#0"},
				"south": {"uv": [0, 0, 16, 16], "texture": "#0"},
				"west": {"uv": [0, 0, 16, 16], "texture": "#0"},
				"up": {"uv": [0, 0, 16, 16], "texture": "#0"}
			}
		},
		{
			"from": [5, 12, 0],
			"to": [6, 13, 1],
			"faces": {
				"north": {"uv": [0, 0, 16, 16], "texture": "#1"},
				"south": {"uv": [0, 0, 16, 16], "texture": "#1"},
				"west": {"uv": [0, 0, 16, 16], "texture": "#1"},
				"up": {"uv": [0, 0, 16, 16], "texture": "#1"}
			}
		},
		{
			"from": [5, 12, 15],
			"to": [6, 13, 16],
			"faces": {
				"north": {"uv": [0, 0, 16, 16], "texture": "#2"},
				"south": {"uv": [0, 0, 16, 16], "texture": "#2"},
				"west": {"uv": [0, 0, 16, 16], "texture": "#2"},
				"up": {"uv": [0, 0, 16, 16], "texture": "#2"}
			}
		},
		{
			"from": [6, 12, 0],
			"to": [7, 13, 1],
			"faces": {
				"north": {"uv": [0, 0, 16, 16], "texture": "#1"},
				"east": {"uv": [0, 0, 16, 16], "texture": "#1"},
				"south": {"uv": [0, 0, 16, 16], "texture": "#1"},
				"up": {"uv": [0, 0, 16, 16], "texture": "#1"}
			}
		},
		{
			"from": [6, 12, 15],
			"to": [7, 13, 16],
			"faces": {
				"north": {"uv": [0, 0, 16, 16], "texture": "#2"},
				"east": {"uv": [0, 0, 16, 16], "texture": "#2"},
				"south": {"uv": [0, 0, 16, 16], "texture": "#2"},
				"up": {"uv": [0, 0, 16, 16], "texture": "#2"}
			}
		},
		{
			"from": [9, 12, 0],
			"to": [10, 13, 1],
			"faces": {
				"north": {"uv": [0, 0, 16, 16], "texture": "#1"},
				"south": {"uv": [0, 0, 16, 16], "texture": "#1"},
				"west": {"uv": [0, 0, 16, 16], "texture": "#1"},
				"up": {"uv": [0, 0, 16, 16], "texture": "#1"}
			}
		},
		{
			"from": [9, 12, 15],
			"to": [10, 13, 16],
			"faces": {
				"north": {"uv": [0, 0, 16, 16], "texture": "#2"},
				"south": {"uv": [0, 0, 16, 16], "texture": "#2"},
				"west": {"uv": [0, 0, 16, 16], "texture": "#2"},
				"up": {"uv": [0, 0, 16, 16], "texture": "#2"}
			}
		},
		{
			"from": [10, 12, 0],
			"to": [11, 13, 1],
			"faces": {
				"north": {"uv": [0, 0, 16, 16], "texture": "#1"},
				"east": {"uv": [0, 0, 16, 16], "texture": "#1"},
				"south": {"uv": [0, 0, 16, 16], "texture": "#1"},
				"up": {"uv": [0, 0, 16, 16], "texture": "#1"}
			}
		},
		{
			"from": [10, 12, 15],
			"to": [11, 13, 16],
			"faces": {
				"north": {"uv": [0, 0, 16, 16], "texture": "#2"},
				"east": {"uv": [0, 0, 16, 16], "texture": "#2"},
				"south": {"uv": [0, 0, 16, 16], "texture": "#2"},
				"up": {"uv": [0, 0, 16, 16], "texture": "#2"}
			}
		},
		{
			"from": [15, 12, 6],
			"to": [16, 13, 7],
			"faces": {
				"north": {"uv": [0, 0, 16, 16], "texture": "#3"},
				"east": {"uv": [0, 0, 16, 16], "texture": "#3"},
				"west": {"uv": [0, 0, 16, 16], "texture": "#3"},
				"up": {"uv": [0, 0, 16, 16], "texture": "#3"}
			}
		},
		{
			"from": [15, 12, 7],
			"to": [16, 13, 8],
			"faces": {
				"east": {"uv": [0, 0, 16, 16], "texture": "#3"},
				"south": {"uv": [0, 0, 16, 16], "texture": "#3"},
				"west": {"uv": [0, 0, 16, 16], "texture": "#3"},
				"up": {"uv": [0, 0, 16, 16], "texture": "#3"}
			}
		},
		{
			"from": [15, 12, 10],
			"to": [16, 13, 11],
			"faces": {
				"north": {"uv": [0, 0, 16, 16], "texture": "#3"},
				"east": {"uv": [0, 0, 16, 16], "texture": "#3"},
				"west": {"uv": [0, 0, 16, 16], "texture": "#3"},
				"up": {"uv": [0, 0, 16, 16], "texture": "#3"}
			}
		},
		{
			"from": [15, 12, 11],
			"to": [16, 13, 12],
			"faces": {
				"east": {"uv": [0, 0, 16, 16], "texture": "#3"},
				"south": {"uv": [0, 0, 16, 16], "texture": "#3"},
				"west": {"uv": [0, 0, 16, 16], "texture": "#3"},
				"up": {"uv": [0, 0, 16, 16], "texture": "#3"}
			}
		},
		{
			"from": [0, 13, 8],
			"to": [1, 14, 9],
			"faces": {
				"north": {"uv": [0, 0, 16, 16], "texture": "#0"},
				"east": {"uv": [0, 0, 16, 16], "texture": "#0"},
				"west": {"uv": [0, 0, 16, 16], "texture": "#0"},
				"down": {"uv": [0, 0, 16, 16], "texture": "#0"}
			}
		},
		{
			"from": [0, 13, 9],
			"to": [1, 14, 10],
			"faces": {
				"east": {"uv": [0, 0, 16, 16], "texture": "#0"},
				"south": {"uv": [0, 0, 16, 16], "texture": "#0"},
				"west": {"uv": [0, 0, 16, 16], "texture": "#0"},
				"down": {"uv": [0, 0, 16, 16], "texture": "#0"}
			}
		},
		{
			"from": [7, 13, 0],
			"to": [8, 14, 1],
			"faces": {
				"north": {"uv": [0, 0, 16, 16], "texture": "#1"},
				"south": {"uv": [0, 0, 16, 16], "texture": "#1"},
				"west": {"uv": [0, 0, 16, 16], "texture": "#1"},
				"down": {"uv": [0, 0, 16, 16], "texture": "#1"}
			}
		},
		{
			"from": [7, 13, 15],
			"to": [8, 14, 16],
			"faces": {
				"north": {"uv": [0, 0, 16, 16], "texture": "#2"},
				"south": {"uv": [0, 0, 16, 16], "texture": "#2"},
				"west": {"uv": [0, 0, 16, 16], "texture": "#2"},
				"down": {"uv": [0, 0, 16, 16], "texture": "#2"}
			}
		},
		{
			"from": [8, 13, 0],
			"to": [9, 14, 1],
			"faces": {
				"north": {"uv": [0, 0, 16, 16], "texture": "#1"},
				"east": {"uv": [0, 0, 16, 16], "texture": "#1"},
				"south": {"uv": [0, 0, 16, 16], "texture": "#1"},
				"down": {"uv": [0, 0, 16, 16], "texture": "#1"}
			}
		},
		{
			"from": [8, 13, 15],
			"to": [9, 14, 16],
			"faces": {
				"north": {"uv": [0, 0, 16, 16], "texture": "#2"},
				"east": {"uv": [0, 0, 16, 16], "texture": "#2"},
				"south": {"uv": [0, 0, 16, 16], "texture": "#2"},
				"down": {"uv": [0, 0, 16, 16], "texture": "#2"}
			}
		},
		{
			"from": [15, 13, 8],
			"to": [16, 14, 9],
			"faces": {
				"north": {"uv": [0, 0, 16, 16], "texture": "#3"},
				"east": {"uv": [0, 0, 16, 16], "texture": "#3"},
				"west": {"uv": [0, 0, 16, 16], "texture": "#3"},
				"down": {"uv": [0, 0, 16, 16], "texture": "#3"}
			}
		},
		{
			"from": [15, 13, 9],
			"to": [16, 14, 10],
			"faces": {
				"east": {"uv": [0, 0, 16, 16], "texture": "#3"},
				"south": {"uv": [0, 0, 16, 16], "texture": "#3"},
				"west": {"uv": [0, 0, 16, 16], "texture": "#3"},
				"down": {"uv": [0, 0, 16, 16], "texture": "#3"}
			}
		},
		{
			"from": [0, 14, 8],
			"to": [1, 15, 9],
			"faces": {
				"north": {"uv": [0, 0, 16, 16], "texture": "#0"},
				"east": {"uv": [0, 0, 16, 16], "texture": "#0"},
				"west": {"uv": [0, 0, 16, 16], "texture": "#0"},
				"up": {"uv": [0, 0, 16, 16], "texture": "#0"}
			}
		},
		{
			"from": [0, 14, 9],
			"to": [1, 15, 10],
			"faces": {
				"east": {"uv": [0, 0, 16, 16], "texture": "#0"},
				"south": {"uv": [0, 0, 16, 16], "texture": "#0"},
				"west": {"uv": [0, 0, 16, 16], "texture": "#0"},
				"up": {"uv": [0, 0, 16, 16], "texture": "#0"}
			}
		},
		{
			"from": [7, 14, 0],
			"to": [8, 15, 1],
			"faces": {
				"north": {"uv": [0, 0, 16, 16], "texture": "#1"},
				"south": {"uv": [0, 0, 16, 16], "texture": "#1"},
				"west": {"uv": [0, 0, 16, 16], "texture": "#1"},
				"up": {"uv": [0, 0, 16, 16], "texture": "#1"}
			}
		},
		{
			"from": [7, 14, 15],
			"to": [8, 15, 16],
			"faces": {
				"north": {"uv": [0, 0, 16, 16], "texture": "#2"},
				"south": {"uv": [0, 0, 16, 16], "texture": "#2"},
				"west": {"uv": [0, 0, 16, 16], "texture": "#2"},
				"up": {"uv": [0, 0, 16, 16], "texture": "#2"}
			}
		},
		{
			"from": [8, 14, 0],
			"to": [9, 15, 1],
			"faces": {
				"north": {"uv": [0, 0, 16, 16], "texture": "#1"},
				"east": {"uv": [0, 0, 16, 16], "texture": "#1"},
				"south": {"uv": [0, 0, 16, 16], "texture": "#1"},
				"up": {"uv": [0, 0, 16, 16], "texture": "#1"}
			}
		},
		{
			"from": [8, 14, 15],
			"to": [9, 15, 16],
			"faces": {
				"north": {"uv": [0, 0, 16, 16], "texture": "#2"},
				"east": {"uv": [0, 0, 16, 16], "texture": "#2"},
				"south": {"uv": [0, 0, 16, 16], "texture": "#2"},
				"up": {"uv": [0, 0, 16, 16], "texture": "#2"}
			}
		},
		{
			"from": [15, 14, 8],
			"to": [16, 15, 9],
			"faces": {
				"north": {"uv": [0, 0, 16, 16], "texture": "#3"},
				"east": {"uv": [0, 0, 16, 16], "texture": "#3"},
				"west": {"uv": [0, 0, 16, 16], "texture": "#3"},
				"up": {"uv": [0, 0, 16, 16], "texture": "#3"}
			}
		},
		{
			"from": [15, 14, 9],
			"to": [16, 15, 10],
			"faces": {
				"east": {"uv": [0, 0, 16, 16], "texture": "#3"},
				"south": {"uv": [0, 0, 16, 16], "texture": "#3"},
				"west": {"uv": [0, 0, 16, 16], "texture": "#3"},
				"up": {"uv": [0, 0, 16, 16], "texture": "#3"}
			}
		},
		{
			"from": [7, 7, 8],
			"to": [8, 8, 9],
			"faces": {
				"up": {"uv": [0, 0, 16, 16], "texture": "#10"}
			}
		},
		{
			"from": [7, 7, 9],
			"to": [8, 8, 10],
			"faces": {
				"up": {"uv": [0, 0, 16, 16], "texture": "#10"}
			}
		},
		{
			"from": [8, 7, 8],
			"to": [9, 8, 9],
			"faces": {
				"up": {"uv": [0, 0, 16, 16], "texture": "#10"}
			}
		},
		{
			"from": [8, 7, 9],
			"to": [9, 8, 10],
			"faces": {
				"up": {"uv": [0, 0, 16, 16], "texture": "#10"}
			}
		}
	],
	"display": {
		"ground": {
			"translation": [0, 3.25, 0]
		},
		"gui": {
			"rotation": [18, 158, 0]
		},
		"fixed": {
			"rotation": [-90, 0, 0],
			"translation": [0, 0, -16],
			"scale": [2, 2, 2]
		}
	}
}