{
    "type": "minecraft:entity",
    "pools": [
      {
        "rolls": 24,
        "entries": [
          {
            "type": "minecraft:item",
            "name": "minecraft:iron_ore",
            "functions": [
                {
                    "function": "minecraft:set_count",
                    "count": 1
                }
              ]
          },
          {
            "type": "minecraft:item",
            "name": "minecraft:copper_ore",
            "functions": [
                {
                    "function": "minecraft:set_count",
                    "count": 1
                }
              ]
          },
          {
            "type": "minecraft:item",
            "name": "minecraft:gold_ore",
            "functions": [
                {
                    "function": "minecraft:set_count",
                    "count": 1
                }
              ]
          },
          {
            "type": "minecraft:item",
            "name": "minecraft:redstone_ore",
            "functions": [
                {
                    "function": "minecraft:set_count",
                    "count": 1
                }
              ]
          },
          {
            "type": "minecraft:item",
            "name": "minecraft:emerald_ore",
            "functions": [
                {
                    "function": "minecraft:set_count",
                    "count": 1
                }
              ]
          },
          {
            "type": "minecraft:item",
            "name": "minecraft:lapis_ore",
            "functions": [
                {
                    "function": "minecraft:set_count",
                    "count": 1
                }
              ]
          },
          {
            "type": "minecraft:item",
            "name": "minecraft:diamond_ore",
            "functions": [
                {
                    "function": "minecraft:set_count",
                    "count": 1
                }
              ]
          }
        ]
      }
    ]
  }