{
    "criteria": {
      "1": {
        "trigger": "minecraft:player_killed_entity",
        "conditions": {
          "player": {
            "nbt": "{recipeBook:{recipes:[\"qiq2i_items:cheats/kill_mace_wind\"]}}",
            "equipment": {
              "mainhand": {
                "items": "mace"
              }
            }
          }
        }
      },
      "2": {
        "trigger": "minecraft:player_killed_entity",
        "conditions": {
          "player": {
            "nbt": "{recipeBook:{recipes:[\"qiq2i_items:cheats/kill_mace_wind\"]}}",
            "equipment": {
              "offhand": {
                "items": "mace"
              }
            }
          }
        }
      }
    },
  "requirements": [
    [
      "1",
      "2"
    ]
  ],
    "rewards": {
      "function": "qiq2i_items:cheats/kill_mace_wind/ad"
    }
  }