{
    "criteria": {
      "1": {
        "trigger": "minecraft:player_killed_entity",
        "conditions": {
          "player": {
            "nbt": "{recipeBook:{recipes:[\"qiq2i_items:cheats/kill_haste\"]}}",
            "equipment": {
              "mainhand": {
                "items": [
                  "wooden_sword",
                  "stone_sword",
                  "iron_sword",
                  "diamond_sword",
                  "netherite_sword"
                ]
              }
            }
          }
        }
      },
      "2": {
        "trigger": "minecraft:player_killed_entity",
        "conditions": {
          "player": {
            "nbt": "{recipeBook:{recipes:[\"qiq2i_items:cheats/kill_haste\"]}}",
            "equipment": {
              "offhand": {
                "items": [
                  "wooden_sword",
                  "stone_sword",
                  "iron_sword",
                  "diamond_sword",
                  "netherite_sword"
                ]
              }
            }
          }
        }
      }
    },
  "requirements": [
    [
      "1",
      "2"
    ]
  ],
    "rewards": {
      "function": "qiq2i_items:cheats/kill_haste/ad"
    }
  }