{
    "type": "minecraft:entity",
    "pools": [
      {
        "rolls": 1,
        "entries": [
            {
                "type": "minecraft:item",
                "name": "minecraft:cod",
                "weight": 10,
                "functions": [
                  {
                      "function": "set_nbt",
                      "tag": "{qiq2i_clga1_sp_fishinga1_Item:1,qiq2i_clga1_sp_fishinga1:1}"
                  }
                ]
              },
              {
                "type": "minecraft:item",
                "name": "minecraft:cod",
                "weight": 10,
                "functions": [
                  {
                      "function": "set_nbt",
                      "tag": "{qiq2i_clga1_sp_fishinga1_Item:2,qiq2i_clga1_sp_fishinga1:1}"
                  }
                ]
              },
              {
                "type": "minecraft:item",
                "name": "minecraft:cod",
                "weight": 10,
                "functions": [
                  {
                      "function": "set_nbt",
                      "tag": "{qiq2i_clga1_sp_fishinga1_Item:3,qiq2i_clga1_sp_fishinga1:1}"
                  }
                ]
              },
              {
                "type": "minecraft:item",
                "name": "minecraft:cod",
                "weight": 10,
                "functions": [
                  {
                      "function": "set_nbt",
                      "tag": "{qiq2i_clga1_sp_fishinga1_Item:4,qiq2i_clga1_sp_fishinga1:1}"
                  }
                ]
              },
              {
                "type": "minecraft:item",
                "name": "minecraft:cod",
                "weight": 10,
                "functions": [
                  {
                      "function": "set_nbt",
                      "tag": "{qiq2i_clga1_sp_fishinga1_Item:5,qiq2i_clga1_sp_fishinga1:1}"
                  }
                ]
              },
              {
                "type": "minecraft:item",
                "name": "minecraft:cod",
                "weight": 10,
                "functions": [
                  {
                      "function": "set_nbt",
                      "tag": "{qiq2i_clga1_sp_fishinga1_Item:6,qiq2i_clga1_sp_fishinga1:1}"
                  }
                ]
              },
              {
                "type": "minecraft:item",
                "name": "minecraft:cod",
                "weight": 10,
                "functions": [
                  {
                      "function": "set_nbt",
                      "tag": "{qiq2i_clga1_sp_fishinga1_Item:7,qiq2i_clga1_sp_fishinga1:1}"
                  }
                ]
              },
              {
                "type": "minecraft:item",
                "name": "minecraft:cod",
                "weight": 10,
                "functions": [
                  {
                      "function": "set_nbt",
                      "tag": "{qiq2i_clga1_sp_fishinga1_Item:8,qiq2i_clga1_sp_fishinga1:1}"
                  }
                ]
              },
              {
                "type": "minecraft:item",
                "name": "minecraft:cod",
                "weight": 10,
                "functions": [
                  {
                      "function": "set_nbt",
                      "tag": "{qiq2i_clga1_sp_fishinga1_Item:9,qiq2i_clga1_sp_fishinga1:1}"
                  }
                ]
              },
              {
                "type": "minecraft:item",
                "name": "minecraft:cod",
                "weight": 10,
                "functions": [
                  {
                      "function": "set_nbt",
                      "tag": "{qiq2i_clga1_sp_fishinga1_Item:10,qiq2i_clga1_sp_fishinga1:1}"
                  }
                ]
              },
              {
                "type": "minecraft:item",
                "name": "minecraft:cod",
                "weight": 10,
                "functions": [
                  {
                      "function": "set_nbt",
                      "tag": "{qiq2i_clga1_sp_fishinga1_Item:11,qiq2i_clga1_sp_fishinga1:1}"
                  }
                ]
              },
              {
                "type": "minecraft:item",
                "name": "minecraft:cod",
                "weight": 10,
                "functions": [
                  {
                      "function": "set_nbt",
                      "tag": "{qiq2i_clga1_sp_fishinga1_Item:12,qiq2i_clga1_sp_fishinga1:1}"
                  }
                ]
              },
              {
                "type": "minecraft:item",
                "name": "minecraft:cod",
                "weight": 10,
                "functions": [
                  {
                      "function": "set_nbt",
                      "tag": "{qiq2i_clga1_sp_fishinga1_Item:13,qiq2i_clga1_sp_fishinga1:1}"
                  }
                ]
              },
              {
                "type": "minecraft:item",
                "name": "minecraft:cod",
                "weight": 10,
                "functions": [
                  {
                      "function": "set_nbt",
                      "tag": "{qiq2i_clga1_sp_fishinga1_Item:14,qiq2i_clga1_sp_fishinga1:1}"
                  }
                ]
              },
              {
                "type": "minecraft:item",
                "name": "minecraft:cod",
                "weight": 2,
                "functions": [
                  {
                      "function": "set_nbt",
                      "tag": "{qiq2i_clga1_sp_fishinga1_Item:15,qiq2i_clga1_sp_fishinga1:1}"
                  }
                ]
              }
        ]
      }
    ]
  }
  