{
  "description": "毒刃",
  "supported_items": "#minecraft:swords",
  "weight": 1,
  "max_level": 1,
  "min_cost": {
    "base": 0,
    "per_level_above_first": 0
  },
  "max_cost": {
    "base": 0,
    "per_level_above_first": 0
  },
  "anvil_cost": 0,
  "slots": [
    "hand"
  ],
  "effects": {
    "minecraft:post_attack": [
      {
        "enchanted": "attacker",
        "affected": "victim",
        "effect": {
          "type": "minecraft:apply_mob_effect",
          "to_apply": "minecraft:poison",
          "min_duration": 1,
          "max_duration": 200,
          "min_amplifier": 1,
          "max_amplifier": 3
        }
      }
    ]
  }
}
