{
    "type": "minecraft:entity",
    "pools": [
      {
        "rolls": 1,
        "entries": [
          {
            "type": "minecraft:item",
            "name": "minecraft:written_book",
            "functions": [
                {
                    "function": "minecraft:set_nbt",
                    "tag": "{qiq2i_clga1_command_item1:1,qiq2i_clga1_command_item1_start:1}"
                },
                {
                  "function": "minecraft:set_count",
                  "count": 1
                }
              ]
          }
        ]
      }
    ]
  }
  