{
    "type": "minecraft:entity",
    "pools": [
      {
        "rolls": 16.0,
        "bonus_rolls": 0.0,
        "entries": [
          {
            "type": "minecraft:loot_table",
            "name": "minecraft:entities/drowned"
          }
        ]
      },
      {
        "rolls": 1.0,
        "bonus_rolls": 0.0,
        "entries": [
          {
            "type": "minecraft:item",
            "name": "minecraft:heart_of_the_sea"
          }
        ]
      },
      {
        "rolls": 1.0,
        "bonus_rolls": 0.0,
        "entries": [
          {
            "type": "minecraft:item",
            "name": "minecraft:trident"
          }
        ],
        "conditions": [
            {
                "condition": "minecraft:random_chance",
                "chance": 1
            }
        ]
      },
      {
        "rolls": 1.0,
        "bonus_rolls": 0.0,
        "entries": [
          {
            "type": "minecraft:loot_table",
            "name": "qiq2i_clga1:item_sp/exp/type_1",
            "functions": [
              {
                "function": "set_count",
                "count": {
                  "min": 3,
                  "max": 5
                }
              }
            ]
          }
        ]
      },
      {
        "rolls": 1.0,
        "bonus_rolls": 0.0,
        "entries": [
          {
            "type": "minecraft:loot_table",
            "name": "qiq2i_clga1:item_sp/other/helmet.1"
          }
        ]
      }
    ]
  }