{
    "type": "minecraft:chest",
    "pools": [
        {
            "rolls": 1,
            "entries": [
                {
                    "type": "minecraft:loot_table",
                    "name": "qiq2i_clga1:item_sp/enchat/all0",
                    "weight": 1,
                    "functions": [
                        {
                            "function": "minecraft:set_count",
                            "count": {
                                "max": 1,
                                "min": 1
                            }
                        }
                    ]
                }
            ]
        },
        {
            "rolls": 1,
            "entries": [
                {
                    "type": "minecraft:loot_table",
                    "name": "qiq2i_clga1:item_sp/enchat/all1",
                    "weight": 1,
                    "functions": [
                        {
                            "function": "minecraft:set_count",
                            "count": {
                                "max": 1,
                                "min": 1
                            }
                        }
                    ]
                }
            ]
        },
      {
        "rolls": 12,
        "entries": [
            {
                "type": "minecraft:loot_table",
                "name": "qiq2i_clga1:item_sp/exp/type_1",
                "weight": 6,
                "functions": [
                    {
                        "function": "minecraft:set_count",
                        "count": {
                            "max": 24,
                            "min": 1
                        }
                    }
                ]
            },
            {
                "type": "minecraft:loot_table",
                "name": "qiq2i_clga1:item_sp/exp/type_2",
                "weight": 2,
                "functions": [
                    {
                        "function": "minecraft:set_count",
                        "count": 1
                    }
                ]
            },
            {
                "type": "minecraft:loot_table",
                "name": "qiq2i_clga1:item_sp/enchat/all0",
                "weight": 20,
                "functions": [
                    {
                        "function": "minecraft:set_count",
                        "count": {
                            "max": 3,
                            "min": 1
                        }
                    }
                ]
            },
            {
                "type": "minecraft:loot_table",
                "name": "qiq2i_clga1:item_sp/enchat/all1",
                "weight": 2,
                "functions": [
                    {
                        "function": "minecraft:set_count",
                        "count": {
                            "max": 3,
                            "min": 1
                        }
                    }
                ]
            },
        {
          "type": "minecraft:loot_table",
          "name": "qiq2i_clga1:item_sp/othernbt/type_1",
          "weight": 2,
          "functions": [
              {
                  "function": "minecraft:set_count",
                  "count": {
                      "max": 1,
                      "min": 1
                  }
              }
          ]
      },
          {
            "type": "minecraft:item",
            "weight": 10,
            "name": "minecraft:book",
            "functions": [
                {
                    "function": "minecraft:enchant_with_levels",
                    "levels": {
                        "max": 39,
                        "min": 30
                    },
                    "treasure": true
                }
            ]
          },
           {
             "type": "minecraft:item",
             "weight": 2,
             "name": "minecraft:netherite_ingot",
             "functions": [
                 {
                   "function": "minecraft:set_count",
                   "count": {
                       "max": 1,
                       "min": 1
                   }
                 }
               ]
           },
           {
            "type": "minecraft:item",
            "weight": 10,
            "name": "minecraft:diamond_block",
            "functions": [
                {
                  "function": "minecraft:set_count",
                  "count": {
                      "max": 4,
                      "min": 1
                  }
                }
              ]
           },
           {
            "type": "minecraft:item",
            "weight": 10,
            "name": "minecraft:iron_block",
            "functions": [
                {
                  "function": "minecraft:set_count",
                  "count": {
                      "max": 8,
                      "min": 1
                  }
                }
              ]
           },
           {
            "type": "minecraft:item",
            "weight": 10,
            "name": "minecraft:gold_block",
            "functions": [
                {
                  "function": "minecraft:set_count",
                  "count": {
                      "max": 8,
                      "min": 1
                  }
                }
              ]
           }
        ]
      }
    ]
  }
  