{
    "type": "minecraft:fishing",
    "pools": [
        {
            "rolls": 1.0,
            "bonus_rolls": 0.0,
            "entries": [
                {
                    "type": "minecraft:item",
                    "name": "minecraft:cod",
                    "weight": 60
                },
                {
                    "type": "minecraft:item",
                    "weight": 25,
                    "name": "minecraft:salmon"
                },
                {
                    "type": "minecraft:item",
                    "weight": 2,
                    "name": "minecraft:tropical_fish"
                },
                {
                    "type": "minecraft:item",
                    "weight": 13,
                    "name": "minecraft:pufferfish"
                }
            ]
        },
        {
            "rolls": 1.0,
            "bonus_rolls": 0.0,
            "entries": [
                {
                    "type": "minecraft:loot_table",
                    "value": "qiq2i_clga1:clga1_buff/sp_fisha1/a"
                }
            ],
            "conditions": [
                {
                    "condition": "minecraft:random_chance",
                    "chance": 0.5
                }
            ]
        }
    ]
}