{
    "type": "minecraft:fishing",
    "pools": [
        {
            "rolls": 1.0,
            "bonus_rolls": 0.0,
            "entries": [
                {
                    "type": "minecraft:item",
                    "weight": 17,
                    "name": "minecraft:lily_pad"
                },
                {
                    "type": "minecraft:item",
                    "weight": 10,
                    "functions": [
                        {
                            "function": "minecraft:set_damage",
                            "damage": {
                                "type": "minecraft:uniform",
                                "min": 0.0,
                                "max": 0.9
                            },
                            "add": false
                        }
                    ],
                    "name": "minecraft:leather_boots"
                },
                {
                    "type": "minecraft:item",
                    "weight": 10,
                    "name": "minecraft:leather"
                },
                {
                    "type": "minecraft:item",
                    "weight": 10,
                    "name": "minecraft:bone"
                },
                {
                    "type": "minecraft:item",
                    "weight": 10,
                    "functions": [
                        {
                            "function": "set_components",
                            "components": {
                                "potion_contents": {
                                    "potion": "minecraft:water"
                                }
                            }
                        }
                    ],
                    "name": "minecraft:potion"
                },
                {
                    "type": "minecraft:item",
                    "weight": 5,
                    "name": "minecraft:string"
                },
                {
                    "type": "minecraft:item",
                    "weight": 2,
                    "functions": [
                        {
                            "function": "minecraft:set_damage",
                            "damage": {
                                "type": "minecraft:uniform",
                                "min": 0.0,
                                "max": 0.9
                            },
                            "add": false
                        }
                    ],
                    "name": "minecraft:fishing_rod"
                },
                {
                    "type": "minecraft:item",
                    "weight": 10,
                    "name": "minecraft:bowl"
                },
                {
                    "type": "minecraft:item",
                    "weight": 5,
                    "name": "minecraft:stick"
                },
                {
                    "type": "minecraft:item",
                    "functions": [
                        {
                            "function": "minecraft:set_count",
                            "count": 10.0,
                            "add": false
                        }
                    ],
                    "name": "minecraft:ink_sac"
                },
                {
                    "type": "minecraft:item",
                    "weight": 10,
                    "name": "minecraft:tripwire_hook"
                },
                {
                    "type": "minecraft:item",
                    "weight": 10,
                    "name": "minecraft:rotten_flesh"
                },
                {
                    "type": "minecraft:item",
                    "conditions": [
                        {
                            "condition": "minecraft:alternative",
                            "terms": [
                                {
                                    "condition": "minecraft:location_check",
                                    "predicate": {
                                        "biome": "minecraft:jungle"
                                    }
                                },
                                {
                                    "condition": "minecraft:location_check",
                                    "predicate": {
                                        "biome": "minecraft:jungle_hills"
                                    }
                                },
                                {
                                    "condition": "minecraft:location_check",
                                    "predicate": {
                                        "biome": "minecraft:jungle_edge"
                                    }
                                },
                                {
                                    "condition": "minecraft:location_check",
                                    "predicate": {
                                        "biome": "minecraft:bamboo_jungle"
                                    }
                                },
                                {
                                    "condition": "minecraft:location_check",
                                    "predicate": {
                                        "biome": "minecraft:modified_jungle"
                                    }
                                },
                                {
                                    "condition": "minecraft:location_check",
                                    "predicate": {
                                        "biome": "minecraft:modified_jungle_edge"
                                    }
                                },
                                {
                                    "condition": "minecraft:location_check",
                                    "predicate": {
                                        "biome": "minecraft:bamboo_jungle_hills"
                                    }
                                }
                            ]
                        }
                    ],
                    "weight": 10,
                    "name": "minecraft:bamboo"
                }
            ]
        },
        {
            "rolls": 1.0,
            "bonus_rolls": 0.0,
            "entries": [
                {
                    "type": "minecraft:loot_table",
                    "value": "qiq2i_clga1:clga1_buff/sp_fisha1/a"
                }
            ],
            "conditions": [
                {
                    "condition": "minecraft:random_chance",
                    "chance": 0.5
                }
            ]
        }
    ]
}