{
  "parent": "qiq2i_clga1:room/root",
  "display": {
    "icon": {
      "item": "minecraft:bat_spawn_egg",
      "nbt": "{CustomModelData:2022021}"
    },
    "title": {
      "text": "玻璃罐中的林园"
    },
    "description": {
      "text": "§e进入模型§2§l中央林园§e，你被缩小了48倍到像素模型里做客"
    },
    "frame": "task",
    "show_toast": true,
    "announce_to_chat": true,
    "hidden": false
  },
  "rewards": {
    "function": "qiq2i_clga1:player_attribute/task"
  },
  "criteria": {
    "a": {
      "trigger": "minecraft:impossible"
    }
  },
  "requirements": [
    [
      "a"
    ]
  ]
}