{
	"credit": "Made with Blockbench",
	"parent": "minecraft:block/block",
	"textures": {
		"all": "minecraft:block/glass"
	},
	"elements": [
		{
			"from": [0, 0, 0],
			"to": [16, 16, 16],
			"faces": {
				"north": {"uv": [0, 0, 16, 16], "texture": "#all", "cullface": "north"},
				"east": {"uv": [0, 0, 16, 16], "texture": "#all", "cullface": "east"},
				"south": {"uv": [0, 0, 16, 16], "texture": "#all", "cullface": "south"},
				"west": {"uv": [0, 0, 16, 16], "texture": "#all", "cullface": "west"},
				"up": {"uv": [0, 0, 16, 16], "texture": "#all", "cullface": "up"},
				"down": {"uv": [0, 0, 16, 16], "texture": "#all", "cullface": "down"}
			}
		}
	],
	"display": {
		"ground": {
			"translation": [0, 4.5, 0]
		},
		"fixed": {
			"rotation": [-90, 0, 0],
			"translation": [0, 0, -16],
			"scale": [2, 2, 2]
		}
	},
	"groups": [
		{
			"name": "glass",
			"origin": [8, 8, 8],
			"color": 0,
			"children": []
		},
		{
			"name": "glass",
			"origin": [8, 8, 8],
			"color": 0,
			"children": []
		},
		{
			"name": "cube_all",
			"origin": [8, 8, 8],
			"color": 0,
			"children": []
		},
		{
			"name": "cube",
			"origin": [8, 8, 8],
			"color": 0,
			"children": [0]
		}
	]
}