{
  "anvil_cost": 4,
  "description": {
    "translate": "减重"
  },
  "effects": {
    "minecraft:attributes": [
      {
        "amount": {
          "type": "minecraft:linear",
          "base": -0.1,
          "per_level_above_first": -0.1
        },
        "attribute": "minecraft:generic.gravity",
        "name": "enchantment.aqua_affinity",
        "operation": "add_multiplied_total",
        "id": "0e1d09a0-664d-4760-b39c-65832c07bae4"
      }
    ]
  },
  "max_cost": {
    "base": 41,
    "per_level_above_first": 0
  },
  "max_level": 2,
  "min_cost": {
    "base": 1,
    "per_level_above_first": 0
  },
  "slots": [
    "armor"
  ],
  "supported_items": "#minecraft:enchantable/armor",
  "weight": 2
}