{
  "anvil_cost": 4,
  "description": {
    "translate": "变大"
  },
  "effects": {
    "minecraft:attributes": [
      {
        "amount": {
          "type": "minecraft:linear",
          "base": 0.1,
          "per_level_above_first": 0.1
        },
        "attribute": "minecraft:generic.scale",
        "name": "enchantment.aqua_affinity",
        "operation": "add_multiplied_total",
        "id": "e38d1c0d-f0cd-4f0e-aab6-e4bda3e97d2f"
      }
    ]
  },
  "max_cost": {
    "base": 41,
    "per_level_above_first": 0
  },
  "max_level": 4,
  "min_cost": {
    "base": 1,
    "per_level_above_first": 0
  },
  "slots": [
    "armor"
  ],
  "supported_items": "#minecraft:enchantable/armor",
  "weight": 2
}