{
  "anvil_cost": 4,
  "description": {
    "translate": "攀岩"
  },
  "effects": {
    "minecraft:attributes": [
      {
        "amount": {
          "type": "minecraft:linear",
          "base": 0.2,
          "per_level_above_first": 0.2
        },
        "attribute": "minecraft:generic.step_height",
        "name": "enchantment.aqua_affinity",
        "operation": "add_multiplied_total",
        "id": "5dca6a19-f9b4-43d8-89a6-7f2028943008"
      }
    ]
  },
  "max_cost": {
    "base": 41,
    "per_level_above_first": 0
  },
  "max_level": 9,
  "min_cost": {
    "base": 1,
    "per_level_above_first": 0
  },
  "slots": [
    "armor"
  ],
  "supported_items": "#minecraft:enchantable/armor",
  "weight": 2
}