{
    "type": "minecraft:entity",
    "pools": [
      {
        "rolls": 3,
        "entries": [
          {
            "type": "minecraft:item",
            "weight": 10,
            "name": "minecraft:iron_ingot",
            "functions": [
                {
                  "function": "minecraft:set_count",
                  "count": {
                      "max": 12,
                      "min": 6
                  }
                }
              ]
          },
          {
            "type": "minecraft:item",
            "weight": 4,
            "name": "minecraft:coal",
            "functions": [
              {
                "function": "minecraft:set_count",
                "count": {
                    "max": 12,
                    "min": 6
                }
              }
            ]
          },
          {
            "type": "minecraft:item",
            "weight": 10,
            "name": "minecraft:diamond",
            "functions": [
                {
                  "function": "minecraft:set_count",
                  "count": {
                      "max": 2,
                      "min": 1
                  }
                }
              ]
          }
        ]
      }
    ]
  }
  