{
    "type": "minecraft:entity",
    "pools": [
        {
            "rolls": 1,
            "entries": [
                {
                    "type": "minecraft:item",
                    "name": "minecraft:blaze_powder",
                    "functions": [
                        {
                            "function": "set_components",
                            "components": {
                                "unbreakable": {
                                    "show_in_tooltip": false
                                },
                                "custom_name": "{\"text\":\"§e剧毒粉尘\"}",
                                "custom_model_data": 2002022,
                                "hide_additional_tooltip": {},
                                "custom_data": {
                                    "qiq2i_clga1_item_sp": 1
                                }
                            }
                        },
                        {
                            "function": "minecraft:set_count",
                            "count": 1
                        }
                    ]
                }
            ]
        }
    ]
}