{
    "type": "minecraft:entity",
    "pools": [
      {
        "rolls": 1,
        "entries": [
          {
            "type": "minecraft:item",
            "name": "minecraft:leather_helmet",
            "functions": [
                {
                    "function": "minecraft:set_nbt",
                    "tag": "{CustomModelData:2002021,qiq2i_clga1_item_sp:1,qiq2i_clga1_item_sp.other:{id:\"helmet.1\"},display:{Name:'{\"text\":\"§e夜视头盔\"}',Lore:['{\"text\":\"§7看清一切。\"}'],color:1114367},HideFlags:63}"
                },
                {
                  "function": "minecraft:set_count",
                  "count": 1
                }
              ]
          }
        ]
      }
    ]
  }
  