{
    "type": "minecraft:entity",
    "pools": [
      {
        "rolls": 1,
        "entries": [
          {
            "type": "minecraft:item",
            "name": "minecraft:carrot_on_a_stick",
            "functions": [
                {
                    "function": "minecraft:set_nbt",
                    "tag": "{CustomModelData:2002038,qiq2i_clga1_item_sp:1,qiq2i_clga1_item_sp.other:{id:\"build.1\"},display:{Name:'{\"text\":\"§e自闭小屋\"}',Lore:['{\"text\":\"§7建一个小屋，包围自己，类似于挖三填一。\"}','{\"text\":\"§7[一次性道具]\"}']},Unbreakable:1b,HideFlags:63}"
                },
                {
                  "function": "minecraft:set_count",
                  "count": 1
                }
              ]
          }
        ]
      }
    ]
  }
  