{
    "type": "minecraft:entity",
    "pools": [
      {
        "rolls": 1,
        "entries": [
          {
            "type": "minecraft:item",
            "name": "minecraft:carrot_on_a_stick",
            "functions": [
                {
                    "function": "minecraft:set_nbt",
                    "tag": "{CustomModelData:2002042,qiq2i_clga1_item_sp:1,qiq2i_clga1_item_sp.other:{id:\"milk.1\"},display:{Name:'{\"text\":\"§e魔法牛奶瓶\"}',Lore:['{\"text\":\"§7享用后，清除自身所有负面效果。\"}','{\"text\":\"§7[一次性道具]\"}']},Unbreakable:1b,HideFlags:63}"
                },
                {
                  "function": "minecraft:set_count",
                  "count": 1
                }
              ]
          }
        ]
      }
    ]
  }
  