{
    "parent": "qiq2i_clga1:boss/root",
    "display": {
      "icon": {
        "item": "minecraft:dragon_head"
      },
      "title": {
        "text": "末影龙最高专业版"
      },
      "description": {
        "text": "§e关键：无限弓，盾牌。\n装备：附魔钻套往上。\n其他：大量方块，水桶，船，床，金苹果等。"
      },
      "frame": "challenge",
      "show_toast": true,
      "announce_to_chat": true,
      "hidden": false
    },
    "rewards": {
      "function": "qiq2i_clga1:player_attribute/challenge"
    },
    "criteria": {
       "a":{
         "trigger": "minecraft:player_killed_entity",
         "conditions": {
          "entity": [
            {
              "condition": "minecraft:entity_properties",
              "predicate": {
                "nbt": "{Tags:[\"qiq2i_clga1_buff_sp_ender_dragona1\"]}"
              },
              "entity": "this"
            }
          ]
         }
       }
    },
    "requirements": [
      [
        "a"
      ]
    ]
  }