{
    "rewards": {
        "function": "qiq2i_items:food/wuzhou_paper_wrapped_chicken"
    },
    "criteria": {
        "1": {
            "trigger": "minecraft:consume_item",
            "conditions": {
                "item": {
                    "components": {
                        "minecraft:custom_data": {
                            "qiq2i_clga1_food": "wuzhou_paper_wrapped_chicken"
                        }
                    }
                }
            }
        }
    }
}