{
    "condition": "minecraft:alternative",
    "terms": [
        {
            "condition": "minecraft:inverted",
            "term": {
                "condition": "minecraft:entity_properties",
                "entity": "this",
                "predicate": {
                    "nbt": "{Health:0.0f}"
                }
            }
        },
        {
            "condition": "minecraft:inverted",
            "term": {
                "condition": "minecraft:entity_properties",
                "entity": "this",
                "predicate": {
                    "nbt": "{SelectedItem:{id:\"minecraft:shield\"}}"
                }
            }
        },
        {
            "condition": "minecraft:inverted",
            "term": {
                "condition": "minecraft:entity_properties",
                "entity": "this",
                "predicate": {
                    "nbt": "{Inventory:[{Slot:-106b,id:\"minecraft:shield\"}]}"
                }
            }
        }
    ]
}