{
    "parent": "qiq2i_clga1:boss/sp_wither",
    "display": {
      "icon": {
        "item": "minecraft:totem_of_undying"
      },
      "title": {
        "text": "劫掠首领"
      },
      "description": {
        "text": "§e装备：顶配附魔下界合金套；其他：铁傀儡，流浪商人"
      },
      "frame": "challenge",
      "show_toast": true,
      "announce_to_chat": false,
      "hidden": false
    },
    "rewards": {
      "function": "qiq2i_clga1:player_attribute/challenge"
    },
    "criteria": {
       "a":{
         "trigger": "minecraft:player_killed_entity",
         "conditions": {
          "entity": [
            {
              "condition": "minecraft:entity_properties",
              "predicate": {
                "nbt": "{Tags:[\"qiq2i_clga1_sp_pillagera5_Mobs1\"]}"
              },
              "entity": "this"
            }
          ]
         }
       }
    },
    "requirements": [
      [
        "a"
      ]
    ]
  }