{
    "parent": "item/generated",
    "textures": {
        "layer0": "qiq2i_clga1:bow/type.1/4/bow"
    },
	"display": {
		"thirdperson_righthand": {
			"rotation": [-80, -180, -40],
			"translation": [-1, -2, 2.5],
			"scale": [0.9, 0.9, 0.9]
		},
		"thirdperson_lefthand": {
			"rotation": [-80, -180, 40],
			"translation": [-1, -2, 2.5],
			"scale": [0.9, 0.9, 0.9]
		},
		"firstperson_righthand": {
			"rotation": [126, 4, 119],
			"translation": [0.5, 2, 1.13],
			"scale": [0.68, 0.68, 0.68]
		},
		"firstperson_lefthand": {
			"rotation": [110, 1, -126],
			"translation": [-3.25, 2.25, -1],
			"scale": [0.68, 0.68, 0.68]
		}
	},
    "overrides": [
        {
            "predicate": {
                "pulling": 1
            },
            "model": "qiq2i_clga1:clga1/bow/type.1/4/bow_pulling_0"
        },
        {
            "predicate": {
                "pulling": 1,
                "pull": 0.65
            },
            "model": "qiq2i_clga1:clga1/bow/type.1/4/bow_pulling_1"
        },
        {
            "predicate": {
                "pulling": 1,
                "pull": 0.9
            },
            "model": "qiq2i_clga1:clga1/bow/type.1/4/bow_pulling_2"
        }
    ],
	"groups": [
		{
			"name": "bow",
			"origin": [8, 8, 8],
			"color": 0,
			"children": []
		}
	]
}
