{
    "type": "minecraft:entity",
    "pools": [
      {
        "rolls": 1,
        "entries": [
          {
            "type": "minecraft:loot_table",
            "name": "qiq2i_clga1:item_sp/enchat/type_1",
            "functions": [
                {
                    "function": "minecraft:set_count",
                    "count": {
                        "max": 12,
                        "min": 1
                    }
                }
            ]
          }
        ]
      }
    ]
  }
  