{
    "type": "minecraft:entity",
    "pools": [
      {
        "rolls": 1,
        "entries": [
          {
            "type": "minecraft:item",
            "weight": 1,
            "name": "minecraft:book",
            "functions": [
                {
                    "function": "minecraft:enchant_with_levels",
                    "levels": {
                        "max": 39,
                        "min": 3
                    },
                    "treasure": true
                }
            ]
          },
          {
            "type": "minecraft:item",
            "weight": 10,
            "name": "minecraft:ender_pearl",
            "functions": [
                {
                  "function": "minecraft:set_count",
                  "count": {
                      "max": 2,
                      "min": 1
                  }
                }
              ]
          },
          {
            "type": "minecraft:item",
            "weight": 10,
            "name": "minecraft:diamond",
            "functions": [
                {
                  "function": "minecraft:set_count",
                  "count": {
                      "max": 2,
                      "min": 1
                  }
                }
              ]
          },
          {
            "type": "minecraft:item",
            "weight": 20,
            "name": "minecraft:iron_ingot",
            "functions": [
                {
                  "function": "minecraft:set_count",
                  "count": {
                      "max": 8,
                      "min": 4
                  }
                }
              ]
          },
          {
            "type": "minecraft:item",
            "weight": 20,
            "name": "minecraft:gold_ingot",
            "functions": [
                {
                  "function": "minecraft:set_count",
                  "count": {
                      "max": 8,
                      "min": 4
                  }
                }
              ]
          },
          {
            "type": "minecraft:item",
            "weight": 20,
            "name": "minecraft:emerald",
            "functions": [
                {
                  "function": "minecraft:set_count",
                  "count": {
                      "max": 8,
                      "min": 4
                  }
                }
              ]
          }
        ],
        "conditions": [
          {
            "condition": "minecraft:killed_by_player"
          }
        ]
      }
    ]
  }
  