{
  "type": "minecraft:empty",
  "pools": [
    {
      "rolls": 1,
      "entries": [
        {
          "type": "minecraft:item",
          "name": "minecraft:netherite_helmet",
          "functions": [
            {
              "function": "minecraft:set_components",
              "components": {
                "minecraft:enchantments": {
                  "minecraft:protection": 4
                }
              }
            },
            {
              "function": "minecraft:enchant_with_levels",
              "levels": 39
            }
          ]
        }
      ]
    },
    {
      "rolls": 1,
      "entries": [
        {
          "type": "minecraft:item",
          "name": "minecraft:netherite_chestplate",
          "functions": [
            {
              "function": "minecraft:set_components",
              "components": {
                "minecraft:enchantments": {
                  "minecraft:protection": 4
                }
              }
            },
            {
              "function": "minecraft:enchant_with_levels",
              "levels": 39
            }
          ]
        }
      ]
    },
    {
      "rolls": 1,
      "entries": [
        {
          "type": "minecraft:item",
          "name": "minecraft:netherite_leggings",
          "functions": [
            {
              "function": "minecraft:set_components",
              "components": {
                "minecraft:enchantments": {
                  "minecraft:protection": 4
                }
              }
            },
            {
              "function": "minecraft:enchant_with_levels",
              "levels": 39
            }
          ]
        }
      ]
    },
    {
      "rolls": 1,
      "entries": [
        {
          "type": "minecraft:item",
          "name": "minecraft:netherite_boots",
          "functions": [
            {
              "function": "minecraft:set_components",
              "components": {
                "minecraft:enchantments": {
                  "minecraft:protection": 4
                }
              }
            },
            {
              "function": "minecraft:enchant_with_levels",
              "levels": 39
            }
          ]
        }
      ]
    }
  ]
}
