{
    "type": "minecraft:entity",
    "pools": [
      {
        "rolls": 1,
        "entries": [
          {
            "type": "minecraft:item",
            "name": "minecraft:ghast_spawn_egg",
            "functions": [
                {
                    "function": "minecraft:set_nbt",
                    "tag": "{qiq2i_clga1_item_sp:1,display:{Name:'{\"text\":\"§d金属强化铁傀儡 36级\"}',Lore:['{\"text\":\"§71000血量\"}']},Enchantments:[{id:\"minecraft:unbreaking\",lvl:1}],Unbreakable:1b,HideFlags:63,EntityTag:{id:\"minecraft:iron_golem\",Attributes: [{Base: 1000.0d, Name: \"minecraft:generic.max_health\"}], Tags: [\"qiq2i_clga1_buff\"], Health: 1000.0f, ArmorItems: [{}, {}, {}, {id: \"minecraft:iron_block\", Count: 36b}]}}"
                },
                {
                  "function": "minecraft:set_count",
                  "count": 1
                }
              ]
          }
        ]
      }
    ]
  }
  