{
    "type": "minecraft:entity",
    "pools": [
      {
        "rolls": 1,
        "entries": [
          {
            "type": "minecraft:item",
            "name": "minecraft:carrot_on_a_stick",
            "functions": [
                {
                    "function": "minecraft:set_nbt",
                    "tag": "{CustomModelData:2002040,qiq2i_clga1_item_sp:1,qiq2i_clga1_item_sp.other:{id:\"wormhole.1\"},display:{Name:'{\"text\":\"§e虫洞魔法瓶\"}',Lore:['{\"text\":\"§7砸碎后，传送至最近的玩家身边，如果没有则无效。§7不支持跨维度传送。\"}','{\"text\":\"§7[一次性道具]\"}']},Unbreakable:1b,HideFlags:63}"
                },
                {
                  "function": "minecraft:set_count",
                  "count": 1
                }
              ]
          }
        ]
      }
    ]
  }
  