{
    "type": "minecraft:entity",
    "pools": [
        {
            "rolls": 1,
            "entries": [
                {
                    "type": "minecraft:item",
                    "name": "minecraft:ghast_spawn_egg",
                    "functions": [
                        {
                            "function": "set_components",
                            "components": {
                                "unbreakable": {
                                    "show_in_tooltip": false
                                },
                                "enchantments": {
                                    "levels": {
                                        "minecraft:unbreaking": 1
                                    },
                                    "show_in_tooltip": false
                                },
                                "custom_name": "{\"text\":\"§d金属强化铁傀儡 36级\"}",
                                "hide_additional_tooltip": {},
                                "entity_data": {
                                    "id": "minecraft:iron_golem",
                                    "Health": 1000.0
                                },
                                "custom_data": {
                                    "qiq2i_clga1_item_sp": 1
                                }
                            }
                        },
                        {
                            "function": "minecraft:set_lore",
                            "lore": [
                              {
                                "text": "§71000血量"
                              }
                            ],
                            "mode": "replace_all"
                        },
                        {
                            "function": "minecraft:set_count",
                            "count": 1
                        }
                    ]
                }
            ]
        }
    ]
}