{
    "type": "minecraft:entity",
    "pools": [
      {
        "rolls": 1,
        "entries": [
          {
            "type": "minecraft:item",
            "name": "minecraft:player_head",
            "functions": [
                {
                    "function": "minecraft:set_count",
                    "count": 1
                },
                {
                  "function": "minecraft:fill_player_head",
                  "entity": "this"
                },
                {
                  "function": "minecraft:set_nbt",
                  "tag": "{qiq2i_clga1_playerdead_item:1}"
                }
            ]
          }
        ]
      }
    ]
  }
  