{
    "type": "minecraft:entity",
    "pools": [
        {
            "rolls": 1,
            "entries": [
                {
                    "type": "minecraft:item",
                    "name": "minecraft:dried_kelp",
                    "functions": [
                        {
                            "function": "set_components",
                            "components": {
                                "enchantments": {
                                    "levels": {
                                        "minecraft:unbreaking": 1
                                    },
                                    "show_in_tooltip": false
                                },
                                "custom_name": "{\"text\":\"§a经验海苔II\"}",
                                "custom_model_data": 2002022,
                                "hide_additional_tooltip": {},
                                "custom_data": {
                                    "qiq2i_clga1_food": 1002,
                                    "qiq2i_clga1_item_exp": 1,
                                    "qiq2i_clga1_item_sp": 1
                                }
                            }
                        },
                        {
                            "function": "minecraft:set_count",
                            "count": 1
                        }
                    ]
                }
            ]
        }
    ]
}