{
    "type": "minecraft:entity",
    "pools": [
        {
            "rolls": 1,
            "entries": [
                {
                    "type": "minecraft:loot_table",
                    "value": "qiq2i_items:food/type_1"
                },
                {
                    "type": "minecraft:loot_table",
                    "value": "qiq2i_items:food/type_2"
                },
                {
                    "type": "minecraft:loot_table",
                    "value": "qiq2i_items:food/type_3"
                },
                {
                    "type": "minecraft:loot_table",
                    "value": "qiq2i_items:food/type_4"
                },
                {
                    "type": "minecraft:loot_table",
                    "value": "qiq2i_items:food/type_5"
                },
                {
                    "type": "minecraft:loot_table",
                    "value": "qiq2i_items:food/type_6"
                },
                {
                    "type": "minecraft:loot_table",
                    "value": "qiq2i_items:food/type_7"
                },
                {
                    "type": "minecraft:loot_table",
                    "value": "qiq2i_items:food/type_8"
                },
                {
                    "type": "minecraft:loot_table",
                    "value": "qiq2i_items:food/type_9"
                },
                {
                    "type": "minecraft:loot_table",
                    "value": "qiq2i_items:food/type_10"
                },
                {
                    "type": "minecraft:loot_table",
                    "value": "qiq2i_items:food/type_11"
                },
                {
                    "type": "minecraft:loot_table",
                    "value": "qiq2i_items:food/type_12"
                },
                {
                    "type": "minecraft:loot_table",
                    "value": "qiq2i_items:food/type_13"
                },
                {
                    "type": "minecraft:loot_table",
                    "value": "qiq2i_items:food/type_14"
                },
                {
                    "type": "minecraft:loot_table",
                    "value": "qiq2i_items:food/type_15"
                },
                {
                    "type": "minecraft:loot_table",
                    "value": "qiq2i_items:food/type_16"
                },
                {
                    "type": "minecraft:loot_table",
                    "value": "qiq2i_items:food/type_17"
                },
                {
                    "type": "minecraft:loot_table",
                    "value": "qiq2i_items:food/type_18"
                },
                {
                    "type": "minecraft:loot_table",
                    "value": "qiq2i_items:food/type_19"
                },
                {
                    "type": "minecraft:loot_table",
                    "value": "qiq2i_items:food/type_20"
                },
                {
                    "type": "minecraft:loot_table",
                    "value": "qiq2i_items:food/type_21"
                },
                {
                    "type": "minecraft:loot_table",
                    "value": "qiq2i_items:food/type_22"
                },
                {
                    "type": "minecraft:loot_table",
                    "value": "qiq2i_items:food/type_23"
                },
                {
                    "type": "minecraft:loot_table",
                    "value": "qiq2i_items:food/guilin_rice_noodles"
                },
                {
                    "type": "minecraft:loot_table",
                    "value": "qiq2i_items:food/hezhou_sanbao_brew"
                },
                {
                    "type": "minecraft:loot_table",
                    "value": "qiq2i_items:food/wuzhou_paper_wrapped_chicken"
                },
                {
                    "type": "minecraft:loot_table",
                    "value": "qiq2i_items:food/braised_pork"
                },
                {
                    "type": "minecraft:loot_table",
                    "value": "qiq2i_items:food/fujian_fotiaoqiang"
                }
            ]
        }
    ]
}