{
    "type": "minecraft:entity",
    "pools": [
        {
            "rolls": 1,
            "entries": [
                {
                    "type": "minecraft:item",
                    "name": "minecraft:cookie",
                    "functions": [
                        {
                            "function": "set_components",
                            "components": {
                                "custom_name": "{\"text\":\"§b即食河豚\"}",
                                "custom_model_data": 200227,
                                "custom_data": {
                                    "qiq2i_clga1_food": 11
                                }
                            }
                        },
                        {
                            "function": "minecraft:set_count",
                            "count": 1
                        }
                    ]
                }
            ]
        }
    ]
}