{
    "type": "minecraft:entity",
    "pools": [
      {
        "rolls": 1,
        "entries": [
          {
            "type": "minecraft:item",
            "name": "minecraft:fishing_rod",
            "functions": [
                {
                  "function": "minecraft:enchant_with_levels",
                  "levels": 39,
                  "treasure": true
                },
                {
                  "function": "minecraft:set_nbt",
                  "tag": "{qiq2i_clga1_buff_item_enchanting:1}"
                }
              ]
          }
        ]
      }
    ]
  }
  