{
    "type": "minecraft:tree",
    "config": {
        "trunk_provider": {
            "type": "minecraft:simple_state_provider",
            "state": {
                "Name": "minecraft:tnt"
            }
        },
        "leaves_provider": {
            "type": "minecraft:simple_state_provider",
            "state": {
                "Name": "minecraft:glass"
            }
        },
        "foliage_placer" :{
            "radius": 4,
            "offset": 4,
            "type": "jungle_foliage_placer",
            "height": 16
        },
        "trunk_placer" :{
            "type": "giant_trunk_placer",
            "base_height": 32,
            "height_rand_a": 12,
            "height_rand_b": 24
        },
        "minimum_size" :{
            "type": "minecraft:two_layers_feature_size",
            "limit": 81,
            "lower_size": 8,
            "upper_size": 16,
            "min_clipped_height": 80
        },
        "decorators": [
            {
                "type": "cocoa",
                "probability": 1
            },
            {
                "type": "leave_vine",
                "probability": 1
            }
        ],
        "max_water_depth" : 40,
        "ignore_vines" : false,
        "heightmap" : "WORLD_SURFACE_WG",
        "dirt_provider": {
            "type": "minecraft:simple_state_provider",
            "state": {
                "Name": "minecraft:tnt"
            }
        },
        "foliage_provider": {
            "type": "minecraft:simple_state_provider",
            "state": {
                "Name": "minecraft:diamond_block"
            }
        },
        "force_dirt": true
    }
}