{
  "type": "minecraft:fishing",
  "pools": [
    {
      "rolls": 1.0,
      "bonus_rolls": 0.0,
      "entries": [
        {
          "type": "minecraft:item",
          "weight": 6,
          "name": "minecraft:cod",
          "functions": [
            {
                "function": "set_nbt",
                "tag": "{qiq2i_clga1_sp_fishinga1_Item:1,qiq2i_clga1_sp_fishinga1:1}"
            }
          ]
        },
        {
          "type": "minecraft:item",
          "weight": 6,
          "name": "minecraft:cod",
          "functions": [
            {
                "function": "set_nbt",
                "tag": "{qiq2i_clga1_sp_fishinga1_Item:2,qiq2i_clga1_sp_fishinga1:1}"
            }
          ]
        },
        {
          "type": "minecraft:item",
          "weight": 6,
          "name": "minecraft:cod",
          "functions": [
            {
                "function": "set_nbt",
                "tag": "{qiq2i_clga1_sp_fishinga1_Item:3,qiq2i_clga1_sp_fishinga1:1}"
            }
          ]
        },
        {
          "type": "minecraft:item",
          "weight": 6,
          "name": "minecraft:cod",
          "functions": [
            {
                "function": "set_nbt",
                "tag": "{qiq2i_clga1_sp_fishinga1_Item:4,qiq2i_clga1_sp_fishinga1:1}"
            }
          ]
        },
        {
          "type": "minecraft:item",
          "weight": 6,
          "name": "minecraft:cod",
          "functions": [
            {
                "function": "set_nbt",
                "tag": "{qiq2i_clga1_sp_fishinga1_Item:5,qiq2i_clga1_sp_fishinga1:1}"
            }
          ]
        },
        {
          "type": "minecraft:item",
          "weight": 6,
          "name": "minecraft:cod",
          "functions": [
            {
                "function": "set_nbt",
                "tag": "{qiq2i_clga1_sp_fishinga1_Item:6,qiq2i_clga1_sp_fishinga1:1}"
            }
          ]
        },
        {
          "type": "minecraft:item",
          "weight": 6,
          "name": "minecraft:cod",
          "functions": [
            {
                "function": "set_nbt",
                "tag": "{qiq2i_clga1_sp_fishinga1_Item:7,qiq2i_clga1_sp_fishinga1:1}"
            }
          ]
        },
        {
          "type": "minecraft:item",
          "weight": 6,
          "name": "minecraft:cod",
          "functions": [
            {
                "function": "set_nbt",
                "tag": "{qiq2i_clga1_sp_fishinga1_Item:8,qiq2i_clga1_sp_fishinga1:1}"
            }
          ]
        },
        {
          "type": "minecraft:item",
          "weight": 6,
          "name": "minecraft:cod",
          "functions": [
            {
                "function": "set_nbt",
                "tag": "{qiq2i_clga1_sp_fishinga1_Item:9,qiq2i_clga1_sp_fishinga1:1}"
            }
          ]
        },
        {
          "type": "minecraft:item",
          "weight": 6,
          "name": "minecraft:cod",
          "functions": [
            {
                "function": "set_nbt",
                "tag": "{qiq2i_clga1_sp_fishinga1_Item:10,qiq2i_clga1_sp_fishinga1:1}"
            }
          ]
        },
        {
          "type": "minecraft:item",
          "weight": 25,
          "name": "minecraft:salmon"
        },
        {
          "type": "minecraft:item",
          "weight": 2,
          "name": "minecraft:tropical_fish"
        },
        {
          "type": "minecraft:item",
          "weight": 13,
          "name": "minecraft:pufferfish"
        },
        {
          "type": "minecraft:item",
          "name": "minecraft:stone",
          "weight": 30,
          "functions": [
            {
                "function": "set_nbt",
                "tag": "{qiq2i_clga1_sp_pillagera2_Mobs1:1}"
            }
          ],
          "conditions": [
            {
              "condition": "minecraft:reference",
              "name": "qiq2i_clga1:qiq2i_clga1_sp_fishinga1_playera1"
            }
          ]
          }
      ]
    }
  ]
}