{
    "display": {
      "icon": {
        "item": "minecraft:bedrock"
      },
      "title": {
        "text": "§e缩小一战"
      },
      "description": {
        "text": "§e果然是栩栩如生的像素模型"
      },
      "frame": "task",
      "show_toast": false,
      "announce_to_chat": false,
      "hidden": false,
      "background": "minecraft:textures/block/bedrock.png"
    },
    "criteria": {
      "a": {
        "trigger": "minecraft:impossible"
      }
    },
    "requirements": [
      [
        "a"
      ]
    ]
  }