{
    "type": "minecraft:entity",
    "pools": [
      {
        "rolls": 8,
        "entries": [
          {
            "type": "minecraft:item",
            "name": "minecraft:wheat_seeds",
            "functions": [
                {
                    "function": "minecraft:set_count",
                    "count": {
                      "max": 12,
                      "min": 6
                    }
                }
              ]
          },
          {
            "type": "minecraft:item",
            "name": "minecraft:melon_seeds",
            "functions": [
                {
                    "function": "minecraft:set_count",
                    "count": {
                      "max": 12,
                      "min": 6
                    }
                }
              ]
          },
          {
            "type": "minecraft:item",
            "name": "minecraft:pumpkin_seeds",
            "functions": [
                {
                    "function": "minecraft:set_count",
                    "count": {
                      "max": 12,
                      "min": 6
                    }
                }
              ]
          },
          {
            "type": "minecraft:item",
            "name": "minecraft:beetroot_seeds",
            "functions": [
                {
                    "function": "minecraft:set_count",
                    "count": {
                      "max": 12,
                      "min": 6
                    }
                }
              ]
          }
        ]
      }
    ]
  }