{
    "type": "minecraft:entity",
    "pools": [
      {
        "rolls": 1,
        "entries": [
          {
            "type": "minecraft:item",
            "name": "minecraft:bat_spawn_egg",
            "functions": [
                {
                    "function": "minecraft:set_nbt",
                    "tag": "{qiq2i_lucky_block.type:1, display:{Name:'{\"text\":\"§e幸运方块\"}'},EntityTag:{id:\"minecraft:marker\",Tags:[\"qiq2i_lucky_block.type.1\"]},CustomModelData:2002022}"
                },
                {
                  "function": "minecraft:set_count",
                  "count": 1
                }
              ]
          }
        ]
      }
    ]
  }
  