{
    "type": "minecraft:entity",
    "pools": [
      {
        "rolls": 1,
        "entries": [
          {
            "type": "minecraft:loot_table",
            "name": "qiq2i_clga1:item_sp/other/evokera1/item.a"
          }
        ]
      },
      {
        "rolls": 4,
        "entries":[
            {
                "type": "minecraft:loot_table",
                "name": "minecraft:entities/evoker"
            }
        ]
      },
      {
        "rolls": 1,
        "entries":[
            {
                "type": "minecraft:loot_table",
                "name": "qiq2i_clga1:sp_pillagera_mob1"
            }
        ]
      }
    ]
  }
  