{
    "type": "minecraft:block",
    "pools": [
      {
        "rolls": 1,
        "bonus_rolls": 0,
        "entries": [
          {
            "type": "minecraft:alternatives",
            "children": [
              {
                "type": "minecraft:dynamic",
                "name": "minecraft:contents",
                "conditions": [
                  {
                    "condition": "minecraft:match_tool",
                    "predicate": {
                      "components": {
                        "minecraft:custom_data":{
                            "qiq2i_clga1_tool_marker1":1
                        }
                      }
                    }
                  }
                ]
              },
              {
                "type": "minecraft:item",
                "name": "minecraft:black_shulker_box",
                "functions": [
                  {
                    "function": "minecraft:copy_components",
                    "source": "block_entity",
                    "include": [
                      "minecraft:custom_name",
                      "minecraft:container",
                      "minecraft:lock",
                      "minecraft:container_loot"
                    ]
                  }
                ]
              }
            ]
          }
        ]
      }
    ],
    "random_sequence": "minecraft:blocks/black_shulker_box"
  }
  